{"v":"5.7.4","fr":29.9700012207031,"ip":0,"op":45.0000018328876,"w":600,"h":300,"nm":"ham_toggle","ddd":0,"assets":[{"layers":[{"ddd":0,"ind":1,"ty":4,"isAdjustment":false,"nm":"Shape Layer 6","sr":1,"ks":{"o":{"a":0,"k":100,"ix":11},"r":{"a":0,"k":0,"ix":10},"p":{"a":0,"k":[300,150,0],"ix":2,"l":2},"a":{"a":0,"k":[0,0,0],"ix":1,"l":2},"s":{"a":0,"k":[100,100,100],"ix":6,"l":2}},"ao":0,"shapes":[],"ip":0,"op":46.0000018736184,"st":0,"bm":0},{"ddd":0,"ind":2,"ty":4,"isAdjustment":false,"nm":"Shape Layer 4","sr":1,"ks":{"o":{"a":0,"k":60,"ix":11},"r":{"a":0,"k":0,"ix":10},"p":{"a":0,"k":[300,150,0],"ix":2,"l":2},"a":{"a":0,"k":[0,0,0],"ix":1,"l":2},"s":{"a":0,"k":[100,100,100],"ix":6,"l":2}},"ao":0,"shapes":[{"ty":"gr","it":[{"ind":0,"ty":"sh","ix":1,"ks":{"a":0,"k":{"i":[[3.866,0],[0,-3.866],[-3.866,0],[0,3.866]],"o":[[-3.866,0],[0,3.866],[3.866,0],[0,-3.866]],"v":[[0,-7],[-7,0],[0,7],[7,0]],"c":true},"ix":2},"nm":"Path 1","mn":"ADBE Vector Shape - Group","hd":false},{"ty":"st","c":{"a":0,"k":[1,1,1,1],"ix":3},"o":{"a":0,"k":100,"ix":4},"w":{"a":0,"k":1,"ix":5},"lc":1,"lj":1,"ml":4,"bm":0,"nm":"Stroke 1","mn":"ADBE Vector Graphic - Stroke","hd":true},{"ty":"fl","c":{"a":0,"k":[1,1,1,1],"ix":4},"o":{"a":0,"k":100,"ix":5},"r":1,"bm":0,"nm":"Fill 1","mn":"ADBE Vector Graphic - Fill","hd":false},{"ty":"tr","p":{"a":0,"k":[-30,-72],"ix":2},"a":{"a":0,"k":[0,0],"ix":1},"s":{"a":0,"k":[100,100],"ix":3},"r":{"a":0,"k":0,"ix":6},"o":{"a":0,"k":100,"ix":7},"sk":{"a":0,"k":0,"ix":4},"sa":{"a":0,"k":0,"ix":5},"nm":"Transform"}],"nm":"Ellipse 1","np":3,"cix":2,"bm":0,"ix":1,"mn":"ADBE Vector Group","hd":false},{"ty":"gr","it":[{"ind":0,"ty":"sh","ix":1,"ks":{"a":0,"k":{"i":[[3.038,0],[0,0],[0,-3.038],[-3.038,0],[0,0],[0,3.038]],"o":[[0,0],[-3.038,0],[0,3.038],[0,0],[3.038,0],[0,-3.038]],"v":[[50.5,-5.5],[-50.5,-5.5],[-56,0],[-50.5,5.5],[50.5,5.5],[56,0]],"c":true},"ix":2},"nm":"Path 1","mn":"ADBE Vector Shape - Group","hd":false},{"ty":"st","c":{"a":0,"k":[0.941176470588,0.941176470588,0.941176470588,1],"ix":3},"o":{"a":0,"k":100,"ix":4},"w":{"a":0,"k":1,"ix":5},"lc":1,"lj":1,"ml":4,"bm":0,"nm":"Stroke 1","mn":"ADBE Vector Graphic - Stroke","hd":true},{"ty":"fl","c":{"a":0,"k":[1,1,1,1],"ix":4},"o":{"a":0,"k":100,"ix":5},"r":1,"bm":0,"nm":"Fill 1","mn":"ADBE Vector Graphic - Fill","hd":false},{"ty":"tr","p":{"a":0,"k":[-119,-73.5],"ix":2},"a":{"a":0,"k":[0,0],"ix":1},"s":{"a":0,"k":[100,100],"ix":3},"r":{"a":0,"k":0,"ix":6},"o":{"a":0,"k":100,"ix":7},"sk":{"a":0,"k":0,"ix":4},"sa":{"a":0,"k":0,"ix":5},"nm":"Transform"}],"nm":"Rectangle 1","np":3,"cix":2,"bm":0,"ix":2,"mn":"ADBE Vector Group","hd":false}],"ip":0,"op":46.0000018736184,"st":0,"bm":0},{"ddd":0,"ind":3,"ty":4,"isAdjustment":false,"nm":"Shape Layer 9","sr":1,"ks":{"o":{"a":0,"k":60,"ix":11},"r":{"a":0,"k":0,"ix":10},"p":{"a":0,"k":[306.752,150.603,0],"ix":2,"l":2},"a":{"a":0,"k":[-60.5,-12,0],"ix":1,"l":2},"s":{"a":0,"k":[-762.265,762.265,100],"ix":6,"l":2}},"ao":0,"shapes":[{"ty":"gr","it":[{"ind":0,"ty":"sh","ix":1,"ks":{"a":0,"k":{"i":[[0,0],[2.288,-1.927],[0,0]],"o":[[0,0],[-2.493,2.099],[0,0]],"v":[[-80.735,-21.721],[-86.18,-19.819],[-89.131,-15.162]],"c":false},"ix":2},"nm":"Path 1","mn":"ADBE Vector Shape - Group","hd":false},{"ty":"st","c":{"a":0,"k":[0.941176470588,0.941176470588,0.941176470588,1],"ix":3},"o":{"a":0,"k":100,"ix":4},"w":{"a":0,"k":1,"ix":5},"lc":2,"lj":1,"ml":4,"bm":0,"nm":"Stroke 1","mn":"ADBE Vector Graphic - Stroke","hd":false},{"ty":"fl","c":{"a":0,"k":[1,0,0,1],"ix":4},"o":{"a":0,"k":100,"ix":5},"r":1,"bm":0,"nm":"Fill 1","mn":"ADBE Vector Graphic - Fill","hd":true},{"ty":"tr","p":{"a":0,"k":[0,0],"ix":2},"a":{"a":0,"k":[0,0],"ix":1},"s":{"a":0,"k":[100,100],"ix":3},"r":{"a":0,"k":0,"ix":6},"o":{"a":0,"k":100,"ix":7},"sk":{"a":0,"k":0,"ix":4},"sa":{"a":0,"k":0,"ix":5},"nm":"Transform"}],"nm":"Shape 1","np":3,"cix":2,"bm":0,"ix":1,"mn":"ADBE Vector Group","hd":false}],"ip":0,"op":46.0000018736184,"st":0,"bm":0},{"ddd":0,"ind":4,"ty":4,"isAdjustment":false,"nm":"Shape Layer 3","sr":1,"ks":{"o":{"a":0,"k":100,"ix":11},"r":{"a":0,"k":0,"ix":10},"p":{"a":0,"k":[306.752,150.603,0],"ix":2,"l":2},"a":{"a":0,"k":[-60.5,-12,0],"ix":1,"l":2},"s":{"a":0,"k":[-762.265,762.265,100],"ix":6,"l":2}},"ao":0,"shapes":[{"ty":"gr","it":[{"ind":0,"ty":"sh","ix":1,"ks":{"a":0,"k":{"i":[[7.732,0],[0,0],[0,-7.732],[-7.732,0],[0,0],[0,7.732]],"o":[[0,0],[-7.732,0],[0,7.732],[0,0],[7.732,0],[0,-7.732]],"v":[[19.5,-14],[-19.5,-14],[-33.5,0],[-19.5,14],[19.5,14],[33.5,0]],"c":true},"ix":2},"nm":"Path 1","mn":"ADBE Vector Shape - Group","hd":false},{"ty":"st","c":{"a":0,"k":[0.941176470588,0.941176470588,0.941176470588,1],"ix":3},"o":{"a":0,"k":100,"ix":4},"w":{"a":0,"k":1,"ix":5},"lc":1,"lj":1,"ml":4,"bm":0,"nm":"Stroke 1","mn":"ADBE Vector Graphic - Stroke","hd":false},{"ty":"fl","c":{"a":0,"k":[0.941176470588,0.941176470588,0.941176470588,1],"ix":4},"o":{"a":0,"k":100,"ix":5},"r":1,"bm":0,"nm":"Fill 1","mn":"ADBE Vector Graphic - Fill","hd":true},{"ty":"tr","p":{"a":0,"k":[-60.5,-12],"ix":2},"a":{"a":0,"k":[0,0],"ix":1},"s":{"a":0,"k":[100,100],"ix":3},"r":{"a":0,"k":0,"ix":6},"o":{"a":0,"k":100,"ix":7},"sk":{"a":0,"k":0,"ix":4},"sa":{"a":0,"k":0,"ix":5},"nm":"Transform"}],"nm":"Rectangle 1","np":3,"cix":2,"bm":0,"ix":1,"mn":"ADBE Vector Group","hd":false}],"ip":0,"op":46.0000018736184,"st":0,"bm":0},{"ddd":0,"ind":5,"ty":4,"isAdjustment":false,"nm":"Shape Layer 2","sr":1,"ks":{"o":{"a":0,"k":10,"ix":11},"r":{"a":0,"k":0,"ix":10},"p":{"a":0,"k":[306.752,150.603,0],"ix":2,"l":2},"a":{"a":0,"k":[-60.5,-12,0],"ix":1,"l":2},"s":{"a":0,"k":[-762.265,762.265,100],"ix":6,"l":2}},"ao":0,"shapes":[{"ty":"gr","it":[{"ind":0,"ty":"sh","ix":1,"ks":{"a":0,"k":{"i":[[0.015,0.052],[-7.732,0],[0,0],[0,7.732]],"o":[[0,7.732],[0,0],[7.732,0],[-0.08,0.052]],"v":[[-33.5,0],[-19.5,14],[19.5,14],[33.5,0]],"c":true},"ix":2},"nm":"Path 1","mn":"ADBE Vector Shape - Group","hd":false},{"ty":"st","c":{"a":0,"k":[1,1,1,1],"ix":3},"o":{"a":0,"k":100,"ix":4},"w":{"a":0,"k":5,"ix":5},"lc":1,"lj":1,"ml":4,"bm":0,"nm":"Stroke 1","mn":"ADBE Vector Graphic - Stroke","hd":true},{"ty":"fl","c":{"a":0,"k":[0.63137254902,0.63137254902,0.63137254902,1],"ix":4},"o":{"a":0,"k":100,"ix":5},"r":1,"bm":0,"nm":"Fill 1","mn":"ADBE Vector Graphic - Fill","hd":false},{"ty":"tr","p":{"a":0,"k":[-60.5,-12],"ix":2},"a":{"a":0,"k":[0,0],"ix":1},"s":{"a":0,"k":[100,100],"ix":3},"r":{"a":0,"k":0,"ix":6},"o":{"a":0,"k":100,"ix":7},"sk":{"a":0,"k":0,"ix":4},"sa":{"a":0,"k":0,"ix":5},"nm":"Transform"}],"nm":"Rectangle 1","np":3,"cix":2,"bm":0,"ix":1,"mn":"ADBE Vector Group","hd":false}],"ip":0,"op":46.0000018736184,"st":0,"bm":0},{"ddd":0,"ind":6,"ty":4,"isAdjustment":false,"nm":"Shape Layer 7","sr":1,"ks":{"o":{"a":0,"k":10,"ix":11},"r":{"a":0,"k":0,"ix":10},"p":{"a":0,"k":[306.752,150.603,0],"ix":2,"l":2},"a":{"a":0,"k":[-60.5,-12,0],"ix":1,"l":2},"s":{"a":0,"k":[-762.265,762.265,100],"ix":6,"l":2}},"ao":0,"shapes":[{"ty":"gr","it":[{"ind":0,"ty":"sh","ix":1,"ks":{"a":0,"k":{"i":[[7.732,0],[0,0],[0,-7.732],[-7.732,0],[0,0],[0,7.732]],"o":[[0,0],[-7.732,0],[0,7.732],[0,0],[7.732,0],[0,-7.732]],"v":[[19.5,-14],[-19.5,-14],[-33.5,0],[-19.5,14],[19.5,14],[33.5,0]],"c":true},"ix":2},"nm":"Path 1","mn":"ADBE Vector Shape - Group","hd":false},{"ty":"st","c":{"a":0,"k":[1,1,1,1],"ix":3},"o":{"a":0,"k":100,"ix":4},"w":{"a":0,"k":1,"ix":5},"lc":1,"lj":1,"ml":4,"bm":0,"nm":"Stroke 1","mn":"ADBE Vector Graphic - Stroke","hd":true},{"ty":"fl","c":{"a":0,"k":[0.941176470588,0.941176470588,0.941176470588,1],"ix":4},"o":{"a":0,"k":100,"ix":5},"r":1,"bm":0,"nm":"Fill 1","mn":"ADBE Vector Graphic - Fill","hd":false},{"ty":"tr","p":{"a":0,"k":[-60.5,-12],"ix":2},"a":{"a":0,"k":[0,0],"ix":1},"s":{"a":0,"k":[100,100],"ix":3},"r":{"a":0,"k":0,"ix":6},"o":{"a":0,"k":100,"ix":7},"sk":{"a":0,"k":0,"ix":4},"sa":{"a":0,"k":0,"ix":5},"nm":"Transform"}],"nm":"Rectangle 1","np":3,"cix":2,"bm":0,"ix":1,"mn":"ADBE Vector Group","hd":false}],"ip":0,"op":46.0000018736184,"st":0,"bm":0}],"id":34,"nm":"back","xt":1,"w":600,"h":300},{"layers":[{"ddd":0,"ind":1,"ty":4,"isAdjustment":false,"nm":"ears","sr":1,"ks":{"o":{"a":0,"k":100,"ix":11},"r":{"a":0,"k":0,"ix":10},"p":{"a":0,"k":[445.875,165.241,0],"ix":2,"x":"var $bm_rt;\n$bm_rt = thisComp.layer('body').transform.position;","l":2},"a":{"a":0,"k":[303.438,-19.344,0],"ix":1,"l":2},"s":{"a":0,"k":[100,100,100],"ix":6,"l":2}},"ao":0,"shapes":[{"ty":"gr","it":[{"ind":0,"ty":"sh","ix":1,"ks":{"a":1,"k":[{"i":{"x":0.833,"y":0.833},"o":{"x":0.167,"y":0.167},"t":8,"s":[{"i":[[0,0],[8.042,-0.574],[0.55,-5.495],[-2.537,-2.038],[0,0]],"o":[[0,0],[-7,0.5],[-0.567,5.666],[1.941,1.559],[0,0]],"v":[[271.188,-48.75],[257.688,-53.25],[246.188,-43.25],[250.962,-31.966],[254.688,-29.75]],"c":false}]},{"t":36.0000014663101,"s":[{"i":[[0,0],[8.042,-0.574],[0.55,-5.495],[-2.537,-2.038],[0,0]],"o":[[0,0],[-7,0.5],[-0.567,5.666],[1.941,1.559],[0,0]],"v":[[271.188,-48.75],[257.688,-53.25],[246.188,-43.25],[250.962,-31.966],[254.688,-29.75]],"c":false}]}],"ix":2},"nm":"Path 1","mn":"ADBE Vector Shape - Group","hd":false},{"ty":"st","c":{"a":0,"k":[0.917647058824,0.917647058824,0.917647058824,1],"ix":3},"o":{"a":0,"k":100,"ix":4},"w":{"a":1,"k":[{"i":{"x":[0.833],"y":[0.833]},"o":{"x":[0.167],"y":[0.167]},"t":21.528,"s":[1]},{"i":{"x":[0.833],"y":[0.833]},"o":{"x":[0.167],"y":[0.167]},"t":22,"s":[6]},{"t":22.4700009152219,"s":[1]}],"ix":5},"lc":1,"lj":1,"ml":4,"bm":0,"nm":"Stroke 1","mn":"ADBE Vector Graphic - Stroke","hd":false},{"ty":"fl","c":{"a":1,"k":[{"i":{"x":[0.833],"y":[0.833]},"o":{"x":[0.167],"y":[0.167]},"t":20,"s":[0.78431372549,0.78431372549,0.78431372549,1]},{"i":{"x":[0.833],"y":[0.833]},"o":{"x":[0.167],"y":[0.167]},"t":22,"s":[0.917647063732,0.917647063732,0.917647063732,1]},{"t":25.0000010182709,"s":[0.78431372549,0.78431372549,0.78431372549,1]}],"ix":4},"o":{"a":0,"k":100,"ix":5},"r":1,"bm":0,"nm":"Fill 1","mn":"ADBE Vector Graphic - Fill","hd":false},{"ty":"tr","p":{"a":1,"k":[{"i":{"x":0.833,"y":0.833},"o":{"x":0.167,"y":0.167},"t":8,"s":[303.5,-60.5],"to":[0,0],"ti":[0,0]},{"i":{"x":0.833,"y":0.833},"o":{"x":0.167,"y":0.167},"t":22,"s":[317.5,-60.5],"to":[0,0],"ti":[0,0]},{"t":36.0000014663101,"s":[303.5,-60.5]}],"ix":2},"a":{"a":0,"k":[303.5,-32],"ix":1},"s":{"a":1,"k":[{"i":{"x":[0.833,0.833],"y":[0.833,0.833]},"o":{"x":[0.167,0.167],"y":[0.167,0.167]},"t":8,"s":[-100,100]},{"t":36.0000014663101,"s":[100,100]}],"ix":3},"r":{"a":0,"k":0,"ix":6},"o":{"a":0,"k":100,"ix":7},"sk":{"a":0,"k":0,"ix":4},"sa":{"a":0,"k":0,"ix":5},"nm":"Transform"}],"nm":"Shape 3","np":3,"cix":2,"bm":0,"ix":1,"mn":"ADBE Vector Group","hd":false},{"ty":"gr","it":[{"ind":0,"ty":"sh","ix":1,"ks":{"a":1,"k":[{"i":{"x":0.833,"y":0.833},"o":{"x":0.167,"y":0.167},"t":8,"s":[{"i":[[0,0],[8.042,-0.574],[0.55,-5.495],[0,0]],"o":[[0,0],[-7,0.5],[-1,10],[0,0]],"v":[[271.188,-48.75],[257.688,-53.25],[246.188,-43.25],[254.688,-29.75]],"c":false}]},{"i":{"x":0.833,"y":0.833},"o":{"x":0.167,"y":0.167},"t":14.589,"s":[{"i":[[0,0],[6.504,-1.346],[5.724,-1.758],[0,0]],"o":[[0,0],[-6.504,1.346],[-5.724,1.758],[0,0]],"v":[[266.328,-55.982],[252.054,-54.296],[231.441,-49.458],[220.022,-45.861]],"c":false}]},{"i":{"x":0.833,"y":0.833},"o":{"x":0.167,"y":0.167},"t":24.706,"s":[{"i":[[0,0],[8.198,-0.284],[7.83,-0.473],[0,0]],"o":[[0,0],[-9.656,0.334],[-10.382,0.627],[0,0]],"v":[[255.445,-56.058],[234.031,-55.428],[207.917,-54.19],[184.639,-52.518]],"c":false}]},{"i":{"x":0.833,"y":0.833},"o":{"x":0.167,"y":0.167},"t":27.059,"s":[{"i":[[0,0],[6.595,0.155],[5.491,-1.935],[0,0]],"o":[[0,0],[-4.31,-0.102],[-3.634,1.28],[0,0]],"v":[[250.744,-53.438],[241.263,-55.125],[226.413,-52.813],[218.225,-48.25]],"c":false}]},{"i":{"x":0.833,"y":0.833},"o":{"x":0.167,"y":0.167},"t":29.883,"s":[{"i":[[0,0],[7.181,0.581],[5.206,-3.975],[0,0]],"o":[[0,0],[-5.366,-0.434],[-4.67,3.566],[0,0]],"v":[[269.078,-52.688],[260.981,-56.063],[243.19,-50.75],[237.944,-43.813]],"c":false}]},{"i":{"x":0.833,"y":0.833},"o":{"x":0.167,"y":0.167},"t":33.411,"s":[{"i":[[0,0],[8.054,-0.371],[1.62,-5.28],[0,0]],"o":[[0,0],[-6.104,0.281],[-1.658,5.406],[0,0]],"v":[[271.188,-48.75],[258.761,-53.875],[246.188,-45.125],[246.713,-32.75]],"c":false}]},{"t":36.0000014663101,"s":[{"i":[[0,0],[8.042,-0.574],[0.55,-5.495],[0,0]],"o":[[0,0],[-7,0.5],[-1,10],[0,0]],"v":[[271.188,-48.75],[257.688,-53.25],[246.188,-43.25],[254.688,-29.75]],"c":false}]}],"ix":2},"nm":"Path 1","mn":"ADBE Vector Shape - Group","hd":false},{"ty":"st","c":{"a":0,"k":[0.917647058824,0.917647058824,0.917647058824,1],"ix":3},"o":{"a":0,"k":100,"ix":4},"w":{"a":0,"k":1,"ix":5},"lc":1,"lj":1,"ml":4,"bm":0,"nm":"Stroke 1","mn":"ADBE Vector Graphic - Stroke","hd":false},{"ty":"fl","c":{"a":0,"k":[0.78431372549,0.78431372549,0.78431372549,1],"ix":4},"o":{"a":0,"k":100,"ix":5},"r":1,"bm":0,"nm":"Fill 1","mn":"ADBE Vector Graphic - Fill","hd":false},{"ty":"tr","p":{"a":1,"k":[{"i":{"x":0.833,"y":0.833},"o":{"x":0.167,"y":0.167},"t":8,"s":[303,-61.5],"to":[0,0],"ti":[0,0]},{"i":{"x":0.833,"y":0.833},"o":{"x":0.167,"y":0.167},"t":33.411,"s":[309,-63.5],"to":[0,0],"ti":[0,0]},{"t":36.0000014663101,"s":[303,-61.5]}],"ix":2},"a":{"a":0,"k":[303.5,-32],"ix":1},"s":{"a":1,"k":[{"i":{"x":[0.833,0.833],"y":[0.833,0.833]},"o":{"x":[0.167,0.167],"y":[0.167,0.167]},"t":8,"s":[100,100]},{"t":36.0000014663101,"s":[-100,100]}],"ix":3},"r":{"a":0,"k":0,"ix":6},"o":{"a":1,"k":[{"i":{"x":[0.833],"y":[0.833]},"o":{"x":[0.167],"y":[0.167]},"t":14.354,"s":[100]},{"i":{"x":[0.833],"y":[0.833]},"o":{"x":[0.167],"y":[0.167]},"t":14.824,"s":[0]},{"i":{"x":[0.833],"y":[0.833]},"o":{"x":[0.167],"y":[0.167]},"t":24.236,"s":[0]},{"t":24.7062510063062,"s":[100]}],"ix":7},"sk":{"a":0,"k":0,"ix":4},"sa":{"a":0,"k":0,"ix":5},"nm":"Transform"}],"nm":"Shape 2","np":3,"cix":2,"bm":0,"ix":2,"mn":"ADBE Vector Group","hd":false}],"ip":0,"op":45.0000018328876,"st":0,"bm":0},{"ddd":0,"ind":2,"ty":4,"isAdjustment":false,"nm":"nose 2","sr":1,"ks":{"o":{"a":0,"k":100,"ix":11},"r":{"a":0,"k":0,"ix":10},"p":{"a":0,"k":[447,163.054,0],"ix":2,"x":"var $bm_rt;\n$bm_rt = thisComp.layer('body').transform.position;","l":2},"a":{"a":0,"k":[303.438,-19.344,0],"ix":1,"l":2},"s":{"a":0,"k":[100,100,100],"ix":6,"l":2}},"ao":0,"shapes":[{"ty":"gr","it":[{"ty":"gr","it":[{"ty":"gr","it":[{"ind":0,"ty":"sh","ix":1,"ks":{"a":1,"k":[{"i":{"x":0.833,"y":0.833},"o":{"x":0.167,"y":0.167},"t":22,"s":[{"i":[[0.996,-0.569],[-0.316,-0.914],[-0.027,-0.015],[-0.013,0.785]],"o":[[-0.027,0.015],[0.372,1.077],[0.631,-0.38],[0.013,-0.785]],"v":[[-1.899,-1.494],[-1.531,-0.292],[-0.84,1.494],[0.399,-0.621]],"c":true}]},{"t":36.0000014663101,"s":[{"i":[[0.966,0],[0,-0.967],[-0.966,0],[0,0.967]],"o":[[-0.966,0],[0,0.967],[0.966,0],[0,-0.967]],"v":[[0,-1.75],[-1.75,0],[0,1.75],[1.75,0]],"c":true}]}],"ix":2},"nm":"Path 1","mn":"ADBE Vector Shape - Group","hd":false},{"ty":"st","c":{"a":0,"k":[1,1,1,1],"ix":3},"o":{"a":0,"k":100,"ix":4},"w":{"a":0,"k":1,"ix":5},"lc":1,"lj":1,"ml":4,"bm":0,"nm":"Stroke 1","mn":"ADBE Vector Graphic - Stroke","hd":true},{"ty":"fl","c":{"a":0,"k":[1,0.515570965935,0.450980362238,1],"ix":4},"o":{"a":0,"k":100,"ix":5},"r":1,"bm":0,"nm":"Fill 1","mn":"ADBE Vector Graphic - Fill","hd":false},{"ty":"tr","p":{"a":0,"k":[303.875,-35],"ix":2},"a":{"a":0,"k":[-0.073,0],"ix":1},"s":{"a":0,"k":[171.122,171.122],"ix":3},"r":{"a":0,"k":0,"ix":6},"o":{"a":0,"k":100,"ix":7},"sk":{"a":0,"k":0,"ix":4},"sa":{"a":0,"k":0,"ix":5},"nm":"Transform"}],"nm":"Ellipse 5","np":3,"cix":2,"bm":0,"ix":1,"mn":"ADBE Vector Group","hd":false},{"ty":"tr","p":{"a":1,"k":[{"i":{"x":0.833,"y":0.833},"o":{"x":0.167,"y":0.167},"t":19,"s":[274.875,-32.685],"to":[5,0],"ti":[-4.542,0]},{"i":{"x":0.833,"y":0.833},"o":{"x":0.167,"y":0.167},"t":22,"s":[304.875,-32.685],"to":[4.542,0],"ti":[0.458,0]},{"t":36.0000014663101,"s":[302.125,-32.685]}],"ix":2},"a":{"a":0,"k":[304,-32.685],"ix":1},"s":{"a":0,"k":[100,100],"ix":3},"r":{"a":0,"k":0,"ix":6},"o":{"a":0,"k":100,"ix":7},"sk":{"a":0,"k":0,"ix":4},"sa":{"a":0,"k":0,"ix":5},"nm":"Transform"}],"nm":"Group 2","np":1,"cix":2,"bm":0,"ix":1,"mn":"ADBE Vector Group","hd":false},{"ty":"tr","p":{"a":1,"k":[{"i":{"x":0.833,"y":0.833},"o":{"x":0.167,"y":0.167},"t":12.001,"s":[401.938,-38.563],"to":[-4.5,0],"ti":[16.5,0]},{"i":{"x":0.833,"y":0.833},"o":{"x":0.167,"y":0.167},"t":22,"s":[374.938,-38.563],"to":[-16.5,0],"ti":[12,0]},{"t":36.0000014663101,"s":[302.938,-38.563]}],"ix":2},"a":{"a":0,"k":[303.688,-38.563],"ix":1},"s":{"a":0,"k":[100,100],"ix":3},"r":{"a":0,"k":0,"ix":6},"o":{"a":0,"k":100,"ix":7},"sk":{"a":0,"k":0,"ix":4},"sa":{"a":0,"k":0,"ix":5},"nm":"Transform"}],"nm":"Group 1","np":1,"cix":2,"bm":0,"ix":1,"mn":"ADBE Vector Group","hd":false}],"ip":22.0000008960784,"op":45.0000018328876,"st":0,"bm":0},{"ddd":0,"ind":3,"ty":4,"isAdjustment":false,"nm":"Eyes_and_lips","sr":1,"ks":{"o":{"a":0,"k":100,"ix":11},"r":{"a":0,"k":0,"ix":10},"p":{"a":0,"k":[447,163.054,0],"ix":2,"x":"var $bm_rt;\n$bm_rt = thisComp.layer('body').transform.position;","l":2},"a":{"a":0,"k":[303.438,-19.344,0],"ix":1,"l":2},"s":{"a":0,"k":[100,100,100],"ix":6,"l":2}},"ao":0,"hasMask":true,"masksProperties":[{"inv":false,"mode":"a","pt":{"a":0,"k":{"i":[[22.153,0],[16.421,-18.951],[0,-19.376],[-42.25,0],[0,42.25],[14.33,15.121]],"o":[[-22.873,0],[-12.383,14.291],[0,42.25],[42.25,0],[0,-20.097],[-16.077,-16.965]],"v":[[303.438,-88.063],[246.017,-62.112],[226.938,-5.563],[303.438,60.938],[379.938,-5.563],[357.514,-64.598]],"c":true},"ix":1},"o":{"a":0,"k":100,"ix":3},"x":{"a":0,"k":0,"ix":4},"nm":"Mask 1"}],"shapes":[{"ty":"gr","it":[{"ty":"gr","it":[{"ty":"gr","it":[{"ind":0,"ty":"sh","ix":1,"ks":{"a":1,"k":[{"i":{"x":0.833,"y":0.833},"o":{"x":0.167,"y":0.167},"t":22,"s":[{"i":[[0,0],[-1.42,1.969],[0,0],[-0.734,-1.073],[0,0]],"o":[[0,0],[1.009,-1.398],[0,0],[0.813,1.188],[0,0]],"v":[[300.25,6],[303.625,4.063],[305.531,-1.281],[308.5,2],[309,5.281]],"c":false}]},{"i":{"x":0.833,"y":0.833},"o":{"x":0.167,"y":0.167},"t":25.38,"s":[{"i":[[0,0],[-1.502,1.938],[0,0],[-0.52,-1.19],[-0.92,-0.798]],"o":[[0,0],[0.939,-1.219],[0,0],[0.603,1.381],[0,0]],"v":[[299.542,5.457],[303.576,3.012],[304.92,-0.688],[305.875,2.088],[307.835,5.142]],"c":false}]},{"i":{"x":0.833,"y":0.833},"o":{"x":0.167,"y":0.167},"t":27.31,"s":[{"i":[[0,0],[-1.557,1.915],[0,0],[-0.618,-1.145],[0,0]],"o":[[0,0],[0.89,-1.095],[0,0],[0.859,1.593],[0,0]],"v":[[300.433,5.08],[303.653,2.813],[304.995,-0.624],[306.183,2.688],[308.247,4.874]],"c":false}]},{"t":36.0000014663101,"s":[{"i":[[0,0],[-0.813,1.25],[0,0],[-0.734,-1.073],[0,0]],"o":[[0,0],[0.729,-1.121],[0,0],[0.813,1.188],[0,0]],"v":[[300,4.375],[302.813,2.688],[303.875,-0.25],[305.188,2.75],[308,4.375]],"c":false}]}],"ix":2},"nm":"Path 1","mn":"ADBE Vector Shape - Group","hd":false},{"ty":"st","c":{"a":0,"k":[1,0.515563964844,0.450958251953,1],"ix":3},"o":{"a":0,"k":100,"ix":4},"w":{"a":0,"k":1,"ix":5},"lc":1,"lj":1,"ml":4,"bm":0,"nm":"Stroke 1","mn":"ADBE Vector Graphic - Stroke","hd":false},{"ty":"fl","c":{"a":0,"k":[1,0.641245643765,0.623529411765,1],"ix":4},"o":{"a":0,"k":100,"ix":5},"r":1,"bm":0,"nm":"Fill 1","mn":"ADBE Vector Graphic - Fill","hd":true},{"ty":"tr","p":{"a":0,"k":[303.625,-31.25],"ix":2},"a":{"a":0,"k":[303,0.5],"ix":1},"s":{"a":0,"k":[100,100],"ix":3},"r":{"a":0,"k":0,"ix":6},"o":{"a":0,"k":100,"ix":7},"sk":{"a":0,"k":0,"ix":4},"sa":{"a":0,"k":0,"ix":5},"nm":"Transform"}],"nm":"Shape 1","np":3,"cix":2,"bm":0,"ix":1,"mn":"ADBE Vector Group","hd":false},{"ty":"tr","p":{"a":1,"k":[{"i":{"x":0.833,"y":0.833},"o":{"x":0.167,"y":0.167},"t":22,"s":[302.875,-32.685],"to":[-0.031,0],"ti":[0.091,0]},{"t":36.0000014663101,"s":[301.875,-32.685]}],"ix":2},"a":{"a":0,"k":[304,-32.685],"ix":1},"s":{"a":0,"k":[100,100],"ix":3},"r":{"a":0,"k":0,"ix":6},"o":{"a":0,"k":100,"ix":7},"sk":{"a":0,"k":0,"ix":4},"sa":{"a":0,"k":0,"ix":5},"nm":"Transform"}],"nm":"Group 2","np":1,"cix":2,"bm":0,"ix":1,"mn":"ADBE Vector Group","hd":false},{"ty":"gr","it":[{"ty":"gr","it":[{"ty":"gr","it":[{"ind":0,"ty":"sh","ix":1,"ks":{"a":0,"k":{"i":[[0.69,0],[0,-0.69],[-0.69,0],[0,0.69]],"o":[[-0.69,0],[0,0.69],[0.69,0],[0,-0.69]],"v":[[0,-1.25],[-1.25,0],[0,1.25],[1.25,0]],"c":true},"ix":2},"nm":"Path 1","mn":"ADBE Vector Shape - Group","hd":false},{"ty":"st","c":{"a":0,"k":[1,1,1,1],"ix":3},"o":{"a":0,"k":100,"ix":4},"w":{"a":0,"k":1,"ix":5},"lc":1,"lj":1,"ml":4,"bm":0,"nm":"Stroke 1","mn":"ADBE Vector Graphic - Stroke","hd":true},{"ty":"fl","c":{"a":0,"k":[1,1,1,1],"ix":4},"o":{"a":0,"k":100,"ix":5},"r":1,"bm":0,"nm":"Fill 1","mn":"ADBE Vector Graphic - Fill","hd":false},{"ty":"tr","p":{"a":0,"k":[164.375,-13.125],"ix":2},"a":{"a":0,"k":[0,0],"ix":1},"s":{"a":0,"k":[-100,100],"ix":3},"r":{"a":0,"k":0,"ix":6},"o":{"a":0,"k":100,"ix":7},"sk":{"a":0,"k":0,"ix":4},"sa":{"a":0,"k":0,"ix":5},"nm":"Transform"}],"nm":"Ellipse 4","np":3,"cix":2,"bm":0,"ix":1,"mn":"ADBE Vector Group","hd":false},{"ty":"gr","it":[{"ind":0,"ty":"sh","ix":1,"ks":{"a":0,"k":{"i":[[4.004,0],[0,-4.004],[-4.004,0],[0,4.004]],"o":[[-4.004,0],[0,4.004],[4.004,0],[0,-4.004]],"v":[[0.875,-7.25],[-7.25,1.375],[0,7.25],[7.25,1.375]],"c":true},"ix":2},"nm":"Path 1","mn":"ADBE Vector Shape - Group","hd":false},{"ty":"st","c":{"a":0,"k":[1,1,1,1],"ix":3},"o":{"a":0,"k":100,"ix":4},"w":{"a":0,"k":1,"ix":5},"lc":1,"lj":1,"ml":4,"bm":0,"nm":"Stroke 1","mn":"ADBE Vector Graphic - Stroke","hd":true},{"ty":"fl","c":{"a":0,"k":[0,0,0,1],"ix":4},"o":{"a":0,"k":100,"ix":5},"r":1,"bm":0,"nm":"Fill 1","mn":"ADBE Vector Graphic - Fill","hd":false},{"ty":"tr","p":{"a":0,"k":[167.125,-10.75],"ix":2},"a":{"a":0,"k":[0,0],"ix":1},"s":{"a":0,"k":[-100,100],"ix":3},"r":{"a":0,"k":0,"ix":6},"o":{"a":0,"k":100,"ix":7},"sk":{"a":0,"k":0,"ix":4},"sa":{"a":0,"k":0,"ix":5},"nm":"Transform"}],"nm":"Ellipse 3","np":3,"cix":2,"bm":0,"ix":2,"mn":"ADBE Vector Group","hd":false},{"ty":"tr","p":{"a":0,"k":[169.625,-10.75],"ix":2},"a":{"a":0,"k":[167.125,-10.75],"ix":1},"s":{"a":0,"k":[100,100],"ix":3},"r":{"a":0,"k":0,"ix":6},"o":{"a":0,"k":100,"ix":7},"sk":{"a":0,"k":0,"ix":4},"sa":{"a":0,"k":0,"ix":5},"nm":"Transform"}],"nm":"Group 2","np":2,"cix":2,"bm":0,"ix":1,"mn":"ADBE Vector Group","hd":false},{"ty":"gr","it":[{"ty":"gr","it":[{"ind":0,"ty":"sh","ix":1,"ks":{"a":0,"k":{"i":[[0.69,0],[0,-0.69],[-0.69,0],[0,0.69]],"o":[[-0.69,0],[0,0.69],[0.69,0],[0,-0.69]],"v":[[0,-1.25],[-1.25,0],[0,1.25],[1.25,0]],"c":true},"ix":2},"nm":"Path 1","mn":"ADBE Vector Shape - Group","hd":false},{"ty":"st","c":{"a":0,"k":[1,1,1,1],"ix":3},"o":{"a":0,"k":100,"ix":4},"w":{"a":0,"k":1,"ix":5},"lc":1,"lj":1,"ml":4,"bm":0,"nm":"Stroke 1","mn":"ADBE Vector Graphic - Stroke","hd":true},{"ty":"fl","c":{"a":0,"k":[1,1,1,1],"ix":4},"o":{"a":0,"k":100,"ix":5},"r":1,"bm":0,"nm":"Fill 1","mn":"ADBE Vector Graphic - Fill","hd":false},{"ty":"tr","p":{"a":0,"k":[130.5,-13.125],"ix":2},"a":{"a":0,"k":[0,0],"ix":1},"s":{"a":0,"k":[100,100],"ix":3},"r":{"a":0,"k":0,"ix":6},"o":{"a":0,"k":100,"ix":7},"sk":{"a":0,"k":0,"ix":4},"sa":{"a":0,"k":0,"ix":5},"nm":"Transform"}],"nm":"Ellipse 2","np":3,"cix":2,"bm":0,"ix":1,"mn":"ADBE Vector Group","hd":false},{"ty":"gr","it":[{"ind":0,"ty":"sh","ix":1,"ks":{"a":0,"k":{"i":[[4.004,0],[0,-4.004],[-4.004,0],[0,4.004]],"o":[[-4.004,0],[0,4.004],[4.004,0],[0,-4.004]],"v":[[0.875,-7.25],[-7.25,1.375],[0,7.25],[7.25,1.375]],"c":true},"ix":2},"nm":"Path 1","mn":"ADBE Vector Shape - Group","hd":false},{"ty":"st","c":{"a":0,"k":[1,1,1,1],"ix":3},"o":{"a":0,"k":100,"ix":4},"w":{"a":0,"k":1,"ix":5},"lc":1,"lj":1,"ml":4,"bm":0,"nm":"Stroke 1","mn":"ADBE Vector Graphic - Stroke","hd":true},{"ty":"fl","c":{"a":0,"k":[0,0,0,1],"ix":4},"o":{"a":0,"k":100,"ix":5},"r":1,"bm":0,"nm":"Fill 1","mn":"ADBE Vector Graphic - Fill","hd":false},{"ty":"tr","p":{"a":0,"k":[133.25,-10.75],"ix":2},"a":{"a":0,"k":[0,0],"ix":1},"s":{"a":0,"k":[100,100],"ix":3},"r":{"a":0,"k":0,"ix":6},"o":{"a":0,"k":100,"ix":7},"sk":{"a":0,"k":0,"ix":4},"sa":{"a":0,"k":0,"ix":5},"nm":"Transform"}],"nm":"Ellipse 1","np":3,"cix":2,"bm":0,"ix":2,"mn":"ADBE Vector Group","hd":false},{"ty":"tr","p":{"a":0,"k":[130.75,-10.75],"ix":2},"a":{"a":0,"k":[133.25,-10.75],"ix":1},"s":{"a":0,"k":[100,100],"ix":3},"r":{"a":0,"k":0,"ix":6},"o":{"a":0,"k":100,"ix":7},"sk":{"a":0,"k":0,"ix":4},"sa":{"a":0,"k":0,"ix":5},"nm":"Transform"}],"nm":"Group 1","np":2,"cix":2,"bm":0,"ix":2,"mn":"ADBE Vector Group","hd":false},{"ty":"tr","p":{"a":1,"k":[{"i":{"x":0.833,"y":0.833},"o":{"x":0.167,"y":0.167},"t":22,"s":[294.688,-42.5],"to":[1.333,0],"ti":[-1.333,0]},{"t":36.0000014663101,"s":[302.688,-42.5]}],"ix":2},"a":{"a":0,"k":[150.188,-10.75],"ix":1},"s":{"a":1,"k":[{"i":{"x":[0.833,0.833],"y":[0.833,0.833]},"o":{"x":[0.167,0.167],"y":[0.167,0.167]},"t":12.001,"s":[18,100]},{"i":{"x":[0.833,0.833],"y":[0.833,0.833]},"o":{"x":[0.167,0.167],"y":[0.167,0.167]},"t":22,"s":[64,100]},{"t":36.0000014663101,"s":[100,100]}],"ix":3},"r":{"a":0,"k":0,"ix":6},"o":{"a":0,"k":100,"ix":7},"sk":{"a":0,"k":0,"ix":4},"sa":{"a":0,"k":0,"ix":5},"nm":"Transform"}],"nm":"Group 1","np":2,"cix":2,"bm":0,"ix":2,"mn":"ADBE Vector Group","hd":false},{"ty":"tr","p":{"a":1,"k":[{"i":{"x":0.833,"y":0.833},"o":{"x":0.167,"y":0.167},"t":12.001,"s":[401.688,-38.563],"to":[-4.5,0],"ti":[16.5,0]},{"i":{"x":0.833,"y":0.833},"o":{"x":0.167,"y":0.167},"t":22,"s":[374.688,-38.563],"to":[-16.5,0],"ti":[12,0]},{"t":36.0000014663101,"s":[302.688,-38.563]}],"ix":2},"a":{"a":0,"k":[303.688,-38.563],"ix":1},"s":{"a":0,"k":[100,100],"ix":3},"r":{"a":0,"k":0,"ix":6},"o":{"a":0,"k":100,"ix":7},"sk":{"a":0,"k":0,"ix":4},"sa":{"a":0,"k":0,"ix":5},"nm":"Transform"}],"nm":"Group 1","np":2,"cix":2,"bm":0,"ix":1,"mn":"ADBE Vector Group","hd":false}],"ip":0,"op":45.0000018328876,"st":0,"bm":0},{"ddd":0,"ind":4,"ty":4,"isAdjustment":false,"nm":"tail","sr":1,"ks":{"o":{"a":0,"k":100,"ix":11},"r":{"a":0,"k":0,"ix":10},"p":{"a":0,"k":[152.401,137.498,0],"ix":2,"x":"var $bm_rt;\n$bm_rt = thisComp.layer('body').transform.position;","l":2},"a":{"a":0,"k":[-218.349,-13.002,0],"ix":1,"l":2},"s":{"a":0,"k":[100,100,100],"ix":6,"l":2}},"ao":0,"shapes":[{"ty":"gr","it":[{"ind":0,"ty":"sh","ix":1,"ks":{"a":1,"k":[{"i":{"x":0.833,"y":0.833},"o":{"x":0.167,"y":0.167},"t":8,"s":[{"i":[[6,0.25],[-1,-8.25],[-7.042,0],[-1.402,7.573]],"o":[[-4.996,-0.208],[0.907,7.483],[7.042,0],[1.25,-6.75]],"v":[[-0.25,-12],[-12.25,2.75],[0,13],[12,2.75]],"c":true}]},{"t":22.0000008960784,"s":[{"i":[[8.545,2.123],[-5.33,-3.502],[-2.955,3.373],[3.836,2.945]],"o":[[-0.955,9.623],[6.299,4.139],[4.166,-4.756],[-7.33,-5.627]],"v":[[-10.125,-13.5],[-3.75,8.375],[12,7.75],[11.875,-9.375]],"c":true}]}],"ix":2},"nm":"Path 1","mn":"ADBE Vector Shape - Group","hd":false},{"ty":"st","c":{"a":0,"k":[1,1,1,1],"ix":3},"o":{"a":0,"k":100,"ix":4},"w":{"a":0,"k":1,"ix":5},"lc":1,"lj":1,"ml":4,"bm":0,"nm":"Stroke 1","mn":"ADBE Vector Graphic - Stroke","hd":true},{"ty":"fl","c":{"a":0,"k":[0.917647058824,0.917647058824,0.917647058824,1],"ix":4},"o":{"a":0,"k":100,"ix":5},"r":1,"bm":0,"nm":"Fill 1","mn":"ADBE Vector Graphic - Fill","hd":false},{"ty":"tr","p":{"a":1,"k":[{"i":{"x":0.833,"y":0.833},"o":{"x":0.167,"y":0.167},"t":8,"s":[-218.25,-13.5],"to":[-15.083,-0.042],"ti":[15.083,0.042]},{"t":22.0000008960784,"s":[-308.75,-13.75]}],"ix":2},"a":{"a":0,"k":[0,0],"ix":1},"s":{"a":0,"k":[100,100],"ix":3},"r":{"a":0,"k":0,"ix":6},"o":{"a":0,"k":100,"ix":7},"sk":{"a":0,"k":0,"ix":4},"sa":{"a":0,"k":0,"ix":5},"nm":"Transform"}],"nm":"Ellipse 2","np":3,"cix":2,"bm":0,"ix":1,"mn":"ADBE Vector Group","hd":false}],"ip":0,"op":22.0000008960784,"st":0,"bm":0},{"ddd":0,"ind":5,"ty":4,"isAdjustment":false,"nm":"body","sr":1,"ks":{"o":{"a":0,"k":100,"ix":11},"r":{"a":0,"k":0,"ix":10},"p":{"a":1,"k":[{"i":{"x":0.833,"y":0.833},"o":{"x":0.167,"y":0.167},"t":8,"s":[198.5,150,0],"to":[37.417,0,0],"ti":[-37.417,0,0]},{"t":36.0000014663101,"s":[423,150,0]}],"ix":2,"l":2},"a":{"a":0,"k":[-139.5,0,0],"ix":1,"l":2},"s":{"a":0,"k":[100,100,100],"ix":6,"l":2}},"ao":0,"hasMask":true,"masksProperties":[{"inv":false,"mode":"a","pt":{"a":0,"k":{"i":[[22.153,0],[16.421,-18.951],[0,-19.376],[-42.25,0],[0,42.25],[14.33,15.121]],"o":[[-22.873,0],[-12.383,14.291],[0,42.25],[42.25,0],[0,-20.097],[-16.077,-16.965]],"v":[[-139.438,-68.875],[-196.858,-42.924],[-215.938,13.625],[-139.438,80.125],[-62.938,13.625],[-85.361,-45.41]],"c":true},"ix":1},"o":{"a":0,"k":100,"ix":3},"x":{"a":0,"k":0,"ix":4},"nm":"Mask 1"}],"shapes":[{"ty":"gr","it":[{"ind":0,"ty":"sh","ix":1,"ks":{"a":1,"k":[{"i":{"x":0.833,"y":0.833},"o":{"x":0.167,"y":0.167},"t":8,"s":[{"i":[[0,0],[-0.778,-7.116],[-0.276,-2.277],[-0.231,-1.858],[-0.901,-2.023],[0,0],[-2.511,5.02],[-0.34,1.997],[-0.28,1.746],[-0.177,1.415],[0,0]],"o":[[0,0],[0.151,1.381],[0.195,1.612],[0.262,2.11],[2.505,5.624],[0,0],[0.935,-1.87],[0.343,-2.017],[0.377,-2.349],[1,-8],[0,0]],"v":[[-148,-77.5],[-144.375,-65.375],[-145.094,-59.519],[-143.198,-54.022],[-144.255,-48.124],[-141,-30.5],[-136.989,-47.645],[-137.677,-53.655],[-135.606,-59.227],[-135.875,-65.5],[-132.25,-77.25]],"c":true}]},{"i":{"x":0.833,"y":0.833},"o":{"x":0.167,"y":0.167},"t":22,"s":[{"i":[[0,0],[4.125,-14.644],[1.344,-10.25],[-0.863,-1.437],[-3.745,-6.645],[0,0],[-0.594,5.581],[2.419,6.074],[-0.394,5.208],[-0.086,1.718],[0.349,5.416]],"o":[[0,0],[-1.84,6.531],[-0.367,2.803],[1.096,1.823],[3.023,5.364],[0,0],[0.801,-7.531],[-1.725,-4.333],[0.179,-2.372],[0.375,-7.519],[-0.5,-7.769]],"v":[[-140.75,-102.25],[-153.375,-84.375],[-158.094,-62.019],[-157.448,-47.272],[-153.255,-19.124],[-136.75,-3],[-148.739,-25.395],[-152.177,-38.655],[-152.356,-52.477],[-153.375,-64],[-149.25,-79.75]],"c":true}]},{"i":{"x":0.833,"y":0.833},"o":{"x":0.167,"y":0.167},"t":26.824,"s":[{"i":[[0,0],[2.186,-9.57],[2.115,-7.488],[-0.327,-1.623],[-2.313,-6.416],[0,0],[-0.332,3.122],[2.419,6.074],[-0.504,5.106],[0.999,3.274],[1.574,4.983]],"o":[[0,0],[-1.353,5.924],[-1.587,3.346],[0.216,3.099],[1.909,5.705],[0,0],[0.448,-4.212],[-1.725,-4.333],[0.289,-2.785],[-1.158,-7.228],[-1.602,-6.218]],"v":[[-150.331,-89.59],[-157.526,-75.278],[-158.341,-59.202],[-156.359,-44.763],[-156.352,-22.675],[-145.465,-9.415],[-148.2,-22.005],[-150.378,-35.264],[-153.473,-48.694],[-155.293,-60.352],[-153.715,-72.512]],"c":true}]},{"i":{"x":0.833,"y":0.833},"o":{"x":0.167,"y":0.167},"t":31.294,"s":[{"i":[[0,0],[-0.492,-6.674],[2.592,-5.779],[0.005,-1.738],[-1.427,-6.275],[0,0],[-0.17,1.601],[2.419,6.074],[-0.572,5.043],[-0.539,2.55],[3.166,3.849]],"o":[[0,0],[0.492,6.674],[-2.342,3.682],[-0.328,3.888],[1.221,5.915],[0,0],[0.23,-2.16],[-1.725,-4.333],[0.357,-3.041],[0.608,-2.875],[-3.311,-4.025]],"v":[[-156.192,-68.635],[-159.339,-53.726],[-156.814,-42.811],[-153.86,-30.138],[-150.83,-14.575],[-144.95,-2.531],[-136.429,-9.686],[-141.826,-19.872],[-147.581,-36.53],[-151.94,-45.329],[-154.759,-52.843]],"c":true}]},{"t":36.0000014663101,"s":[{"i":[[0,0],[2.125,-3.375],[3.094,-3.981],[0.355,-1.859],[-0.495,-6.126],[0,0],[0,0],[2.419,6.074],[-0.644,4.977],[2.375,5.25],[3.13,4.434]],"o":[[0,0],[-3.615,5.742],[-3.136,4.036],[-0.901,4.719],[0.496,6.137],[0,0],[0,0],[-1.725,-4.333],[0.428,-3.309],[-3.103,-6.859],[-3,-4.25]],"v":[[-142.75,-59],[-146.125,-45.625],[-147.094,-37.769],[-146.698,-27.772],[-152.005,-13.374],[-148.25,-3.75],[-139.239,-3.895],[-134.927,-15.655],[-138.356,-27.227],[-136.875,-36.5],[-138.5,-45]],"c":true}]}],"ix":2},"nm":"Path 1","mn":"ADBE Vector Shape - Group","hd":false},{"ty":"st","c":{"a":0,"k":[0.941176470588,0.941176470588,0.941176470588,1],"ix":3},"o":{"a":0,"k":100,"ix":4},"w":{"a":0,"k":1,"ix":5},"lc":1,"lj":1,"ml":4,"bm":0,"nm":"Stroke 1","mn":"ADBE Vector Graphic - Stroke","hd":true},{"ty":"fl","c":{"a":0,"k":[0.403921568627,0.403921568627,0.403921568627,1],"ix":4},"o":{"a":0,"k":100,"ix":5},"r":1,"bm":0,"nm":"Fill 1","mn":"ADBE Vector Graphic - Fill","hd":false},{"ty":"tr","p":{"a":0,"k":[-141,-53.5],"ix":2},"a":{"a":0,"k":[-141,-53.5],"ix":1},"s":{"a":0,"k":[100,100],"ix":3},"r":{"a":1,"k":[{"i":{"x":[0.833],"y":[0.833]},"o":{"x":[0.167],"y":[0.167]},"t":8,"s":[0]},{"i":{"x":[0.833],"y":[0.833]},"o":{"x":[0.167],"y":[0.167]},"t":22,"s":[90]},{"i":{"x":[0.833],"y":[0.833]},"o":{"x":[0.167],"y":[0.167]},"t":26.824,"s":[106.661]},{"t":36.0000014663101,"s":[180]}],"ix":6},"o":{"a":0,"k":100,"ix":7},"sk":{"a":0,"k":0,"ix":4},"sa":{"a":0,"k":0,"ix":5},"nm":"Transform"}],"nm":"Shape 1","np":3,"cix":2,"bm":0,"ix":1,"mn":"ADBE Vector Group","hd":false},{"ty":"gr","it":[{"ind":0,"ty":"sh","ix":1,"ks":{"a":0,"k":{"i":[[22.153,0],[16.421,-18.951],[0,-19.376],[-42.25,0],[0,42.25],[14.33,15.121]],"o":[[-22.873,0],[-12.383,14.291],[0,42.25],[42.25,0],[0,-20.097],[-16.077,-16.965]],"v":[[0,-72.5],[-57.421,-46.549],[-76.5,10],[0,76.5],[76.5,10],[54.077,-49.035]],"c":true},"ix":2},"nm":"Path 1","mn":"ADBE Vector Shape - Group","hd":false},{"ty":"st","c":{"a":0,"k":[0.941176470588,0.941176470588,0.941176470588,1],"ix":3},"o":{"a":0,"k":100,"ix":4},"w":{"a":0,"k":1,"ix":5},"lc":1,"lj":1,"ml":4,"bm":0,"nm":"Stroke 1","mn":"ADBE Vector Graphic - Stroke","hd":false},{"ty":"fl","c":{"a":0,"k":[0.78431372549,0.78431372549,0.78431372549,1],"ix":4},"o":{"a":0,"k":100,"ix":5},"r":1,"bm":0,"nm":"Fill 1","mn":"ADBE Vector Graphic - Fill","hd":false},{"ty":"tr","p":{"a":0,"k":[-139.5,3.5],"ix":2},"a":{"a":0,"k":[0,0],"ix":1},"s":{"a":0,"k":[100,100],"ix":3},"r":{"a":0,"k":0,"ix":6},"o":{"a":0,"k":100,"ix":7},"sk":{"a":0,"k":0,"ix":4},"sa":{"a":0,"k":0,"ix":5},"nm":"Transform"}],"nm":"Ellipse 1","np":3,"cix":2,"bm":0,"ix":2,"mn":"ADBE Vector Group","hd":false}],"ip":0,"op":45.0000018328876,"st":0,"bm":0},{"ddd":0,"ind":6,"ty":4,"isAdjustment":false,"nm":"nose","sr":1,"ks":{"o":{"a":0,"k":100,"ix":11},"r":{"a":0,"k":0,"ix":10},"p":{"a":0,"k":[447,163.054,0],"ix":2,"x":"var $bm_rt;\n$bm_rt = thisComp.layer('body').transform.position;","l":2},"a":{"a":0,"k":[303.438,-19.344,0],"ix":1,"l":2},"s":{"a":0,"k":[100,100,100],"ix":6,"l":2}},"ao":0,"shapes":[{"ty":"gr","it":[{"ty":"gr","it":[{"ty":"gr","it":[{"ind":0,"ty":"sh","ix":1,"ks":{"a":1,"k":[{"i":{"x":0.833,"y":0.833},"o":{"x":0.167,"y":0.167},"t":22,"s":[{"i":[[0.996,-0.569],[-0.316,-0.914],[-0.027,-0.015],[-0.013,0.785]],"o":[[-0.027,0.015],[0.372,1.077],[0.631,-0.38],[0.013,-0.785]],"v":[[-1.899,-1.494],[-1.531,-0.292],[-0.84,1.494],[0.399,-0.621]],"c":true}]},{"t":36.0000014663101,"s":[{"i":[[0.966,0],[0,-0.967],[-0.966,0],[0,0.967]],"o":[[-0.966,0],[0,0.967],[0.966,0],[0,-0.967]],"v":[[0,-1.75],[-1.75,0],[0,1.75],[1.75,0]],"c":true}]}],"ix":2},"nm":"Path 1","mn":"ADBE Vector Shape - Group","hd":false},{"ty":"st","c":{"a":0,"k":[1,1,1,1],"ix":3},"o":{"a":0,"k":100,"ix":4},"w":{"a":0,"k":1,"ix":5},"lc":1,"lj":1,"ml":4,"bm":0,"nm":"Stroke 1","mn":"ADBE Vector Graphic - Stroke","hd":true},{"ty":"fl","c":{"a":0,"k":[1,0.515570965935,0.450980362238,1],"ix":4},"o":{"a":0,"k":100,"ix":5},"r":1,"bm":0,"nm":"Fill 1","mn":"ADBE Vector Graphic - Fill","hd":false},{"ty":"tr","p":{"a":0,"k":[303.875,-35],"ix":2},"a":{"a":0,"k":[-0.073,0],"ix":1},"s":{"a":0,"k":[171.122,171.122],"ix":3},"r":{"a":0,"k":0,"ix":6},"o":{"a":0,"k":100,"ix":7},"sk":{"a":0,"k":0,"ix":4},"sa":{"a":0,"k":0,"ix":5},"nm":"Transform"}],"nm":"Ellipse 5","np":3,"cix":2,"bm":0,"ix":1,"mn":"ADBE Vector Group","hd":false},{"ty":"tr","p":{"a":1,"k":[{"i":{"x":0.833,"y":0.833},"o":{"x":0.167,"y":0.167},"t":12.001,"s":[207.875,-32.685],"to":[16.167,0],"ti":[-15.708,0]},{"i":{"x":0.833,"y":0.833},"o":{"x":0.167,"y":0.167},"t":22,"s":[304.875,-32.685],"to":[15.708,0],"ti":[0.458,0]},{"t":36.0000014663101,"s":[302.125,-32.685]}],"ix":2},"a":{"a":0,"k":[304,-32.685],"ix":1},"s":{"a":0,"k":[100,100],"ix":3},"r":{"a":0,"k":0,"ix":6},"o":{"a":0,"k":100,"ix":7},"sk":{"a":0,"k":0,"ix":4},"sa":{"a":0,"k":0,"ix":5},"nm":"Transform"}],"nm":"Group 2","np":1,"cix":2,"bm":0,"ix":1,"mn":"ADBE Vector Group","hd":false},{"ty":"tr","p":{"a":1,"k":[{"i":{"x":0.833,"y":0.833},"o":{"x":0.167,"y":0.167},"t":12.001,"s":[401.938,-38.563],"to":[-4.5,0],"ti":[16.5,0]},{"i":{"x":0.833,"y":0.833},"o":{"x":0.167,"y":0.167},"t":22,"s":[374.938,-38.563],"to":[-16.5,0],"ti":[12,0]},{"t":36.0000014663101,"s":[302.938,-38.563]}],"ix":2},"a":{"a":0,"k":[303.688,-38.563],"ix":1},"s":{"a":0,"k":[100,100],"ix":3},"r":{"a":0,"k":0,"ix":6},"o":{"a":0,"k":100,"ix":7},"sk":{"a":0,"k":0,"ix":4},"sa":{"a":0,"k":0,"ix":5},"nm":"Transform"}],"nm":"Group 1","np":1,"cix":2,"bm":0,"ix":1,"mn":"ADBE Vector Group","hd":false}],"ip":0,"op":22.0000008960784,"st":0,"bm":0},{"ddd":0,"ind":7,"ty":4,"isAdjustment":false,"nm":"Shape Layer 3","sr":1,"ks":{"o":{"a":0,"k":100,"ix":11},"r":{"a":0,"k":0,"ix":10},"p":{"a":0,"k":[152.401,137.498,0],"ix":2,"x":"var $bm_rt;\n$bm_rt = thisComp.layer('body').transform.position;","l":2},"a":{"a":0,"k":[-218.349,-13.002,0],"ix":1,"l":2},"s":{"a":0,"k":[100,100,100],"ix":6,"l":2}},"ao":0,"shapes":[{"ty":"gr","it":[{"ind":0,"ty":"sh","ix":1,"ks":{"a":1,"k":[{"i":{"x":0.833,"y":0.833},"o":{"x":0.167,"y":0.167},"t":8,"s":[{"i":[[6,0.25],[-1,-8.25],[-7.042,0],[-1.402,7.573]],"o":[[-4.996,-0.208],[0.907,7.483],[7.042,0],[1.25,-6.75]],"v":[[-0.25,-12],[-12.25,2.75],[0,13],[12,2.75]],"c":true}]},{"i":{"x":0.833,"y":0.833},"o":{"x":0.167,"y":0.167},"t":22,"s":[{"i":[[8.545,2.123],[-5.33,-3.502],[-2.955,3.373],[3.836,2.945]],"o":[[-0.955,9.623],[6.299,4.139],[4.166,-4.756],[-7.33,-5.627]],"v":[[-10.125,-13.5],[-3.75,8.375],[12,7.75],[11.875,-9.375]],"c":true}]},{"t":36.0000014663101,"s":[{"i":[[6,0.25],[-1,-8.25],[-7.042,0],[-1.402,7.573]],"o":[[-4.996,-0.208],[0.907,7.483],[7.042,0],[1.25,-6.75]],"v":[[-0.25,-12],[-12.25,2.75],[0,13],[12,2.75]],"c":true}]}],"ix":2},"nm":"Path 1","mn":"ADBE Vector Shape - Group","hd":false},{"ty":"st","c":{"a":0,"k":[1,1,1,1],"ix":3},"o":{"a":0,"k":100,"ix":4},"w":{"a":0,"k":1,"ix":5},"lc":1,"lj":1,"ml":4,"bm":0,"nm":"Stroke 1","mn":"ADBE Vector Graphic - Stroke","hd":true},{"ty":"fl","c":{"a":0,"k":[0.917647058824,0.917647058824,0.917647058824,1],"ix":4},"o":{"a":0,"k":100,"ix":5},"r":1,"bm":0,"nm":"Fill 1","mn":"ADBE Vector Graphic - Fill","hd":false},{"ty":"tr","p":{"a":1,"k":[{"i":{"x":0.833,"y":0.833},"o":{"x":0.167,"y":0.167},"t":8,"s":[-218.25,-13.5],"to":[-15.083,-0.042],"ti":[0,0]},{"i":{"x":0.833,"y":0.833},"o":{"x":0.167,"y":0.167},"t":22,"s":[-308.75,-13.75],"to":[0,0],"ti":[-15.083,-0.042]},{"t":36.0000014663101,"s":[-218.25,-13.5]}],"ix":2},"a":{"a":0,"k":[0,0],"ix":1},"s":{"a":0,"k":[100,100],"ix":3},"r":{"a":0,"k":0,"ix":6},"o":{"a":0,"k":100,"ix":7},"sk":{"a":0,"k":0,"ix":4},"sa":{"a":0,"k":0,"ix":5},"nm":"Transform"}],"nm":"Ellipse 2","np":3,"cix":2,"bm":0,"ix":1,"mn":"ADBE Vector Group","hd":false}],"ip":22.0000008960784,"op":45.0000018328876,"st":0,"bm":0}],"id":89,"nm":"ham","xt":1,"w":600,"h":300},{"id":"comp_0","layers":[{"ddd":0,"ind":1,"ty":4,"nm":"Shape Layer 6","sr":1,"ks":{"o":{"a":0,"k":100,"ix":11},"r":{"a":0,"k":0,"ix":10},"p":{"a":0,"k":[300,150,0],"ix":2,"l":2},"a":{"a":0,"k":[0,0,0],"ix":1,"l":2},"s":{"a":0,"k":[100,100,100],"ix":6,"l":2}},"ao":0,"shapes":[],"ip":0,"op":46.0000018736184,"st":0,"bm":0},{"ddd":0,"ind":2,"ty":4,"nm":"Shape Layer 4","sr":1,"ks":{"o":{"a":0,"k":60,"ix":11},"r":{"a":0,"k":0,"ix":10},"p":{"a":0,"k":[300,150,0],"ix":2,"l":2},"a":{"a":0,"k":[0,0,0],"ix":1,"l":2},"s":{"a":0,"k":[100,100,100],"ix":6,"l":2}},"ao":0,"shapes":[{"ty":"gr","it":[{"ind":0,"ty":"sh","ix":1,"ks":{"a":0,"k":{"i":[[3.866,0],[0,-3.866],[-3.866,0],[0,3.866]],"o":[[-3.866,0],[0,3.866],[3.866,0],[0,-3.866]],"v":[[0,-7],[-7,0],[0,7],[7,0]],"c":true},"ix":2},"nm":"Path 1","mn":"ADBE Vector Shape - Group","hd":false},{"ty":"st","c":{"a":0,"k":[1,1,1,1],"ix":3},"o":{"a":0,"k":100,"ix":4},"w":{"a":0,"k":1,"ix":5},"lc":1,"lj":1,"ml":4,"bm":0,"nm":"Stroke 1","mn":"ADBE Vector Graphic - Stroke","hd":true},{"ty":"fl","c":{"a":0,"k":[1,1,1,1],"ix":4},"o":{"a":0,"k":100,"ix":5},"r":1,"bm":0,"nm":"Fill 1","mn":"ADBE Vector Graphic - Fill","hd":false},{"ty":"tr","p":{"a":0,"k":[-30,-72],"ix":2},"a":{"a":0,"k":[0,0],"ix":1},"s":{"a":0,"k":[100,100],"ix":3},"r":{"a":0,"k":0,"ix":6},"o":{"a":0,"k":100,"ix":7},"sk":{"a":0,"k":0,"ix":4},"sa":{"a":0,"k":0,"ix":5},"nm":"Transform"}],"nm":"Ellipse 1","np":3,"cix":2,"bm":0,"ix":1,"mn":"ADBE Vector Group","hd":false},{"ty":"gr","it":[{"ind":0,"ty":"sh","ix":1,"ks":{"a":0,"k":{"i":[[3.038,0],[0,0],[0,-3.038],[-3.038,0],[0,0],[0,3.038]],"o":[[0,0],[-3.038,0],[0,3.038],[0,0],[3.038,0],[0,-3.038]],"v":[[50.5,-5.5],[-50.5,-5.5],[-56,0],[-50.5,5.5],[50.5,5.5],[56,0]],"c":true},"ix":2},"nm":"Path 1","mn":"ADBE Vector Shape - Group","hd":false},{"ty":"st","c":{"a":0,"k":[0.941176470588,0.941176470588,0.941176470588,1],"ix":3},"o":{"a":0,"k":100,"ix":4},"w":{"a":0,"k":1,"ix":5},"lc":1,"lj":1,"ml":4,"bm":0,"nm":"Stroke 1","mn":"ADBE Vector Graphic - Stroke","hd":true},{"ty":"fl","c":{"a":0,"k":[1,1,1,1],"ix":4},"o":{"a":0,"k":100,"ix":5},"r":1,"bm":0,"nm":"Fill 1","mn":"ADBE Vector Graphic - Fill","hd":false},{"ty":"tr","p":{"a":0,"k":[-119,-73.5],"ix":2},"a":{"a":0,"k":[0,0],"ix":1},"s":{"a":0,"k":[100,100],"ix":3},"r":{"a":0,"k":0,"ix":6},"o":{"a":0,"k":100,"ix":7},"sk":{"a":0,"k":0,"ix":4},"sa":{"a":0,"k":0,"ix":5},"nm":"Transform"}],"nm":"Rectangle 1","np":3,"cix":2,"bm":0,"ix":2,"mn":"ADBE Vector Group","hd":false}],"ip":0,"op":46.0000018736184,"st":0,"bm":0},{"ddd":0,"ind":3,"ty":4,"nm":"Shape Layer 9","sr":1,"ks":{"o":{"a":0,"k":60,"ix":11},"r":{"a":0,"k":0,"ix":10},"p":{"a":0,"k":[306.752,150.603,0],"ix":2,"l":2},"a":{"a":0,"k":[-60.5,-12,0],"ix":1,"l":2},"s":{"a":0,"k":[-762.265,762.265,100],"ix":6,"l":2}},"ao":0,"shapes":[{"ty":"gr","it":[{"ind":0,"ty":"sh","ix":1,"ks":{"a":0,"k":{"i":[[0,0],[2.288,-1.927],[0,0]],"o":[[0,0],[-2.493,2.099],[0,0]],"v":[[-80.735,-21.721],[-86.18,-19.819],[-89.131,-15.162]],"c":false},"ix":2},"nm":"Path 1","mn":"ADBE Vector Shape - Group","hd":false},{"ty":"st","c":{"a":0,"k":[0.941176470588,0.941176470588,0.941176470588,1],"ix":3},"o":{"a":0,"k":100,"ix":4},"w":{"a":0,"k":1,"ix":5},"lc":2,"lj":1,"ml":4,"bm":0,"nm":"Stroke 1","mn":"ADBE Vector Graphic - Stroke","hd":false},{"ty":"fl","c":{"a":0,"k":[1,0,0,1],"ix":4},"o":{"a":0,"k":100,"ix":5},"r":1,"bm":0,"nm":"Fill 1","mn":"ADBE Vector Graphic - Fill","hd":true},{"ty":"tr","p":{"a":0,"k":[0,0],"ix":2},"a":{"a":0,"k":[0,0],"ix":1},"s":{"a":0,"k":[100,100],"ix":3},"r":{"a":0,"k":0,"ix":6},"o":{"a":0,"k":100,"ix":7},"sk":{"a":0,"k":0,"ix":4},"sa":{"a":0,"k":0,"ix":5},"nm":"Transform"}],"nm":"Shape 1","np":3,"cix":2,"bm":0,"ix":1,"mn":"ADBE Vector Group","hd":false}],"ip":0,"op":46.0000018736184,"st":0,"bm":0},{"ddd":0,"ind":4,"ty":4,"nm":"Shape Layer 3","sr":1,"ks":{"o":{"a":0,"k":100,"ix":11},"r":{"a":0,"k":0,"ix":10},"p":{"a":0,"k":[306.752,150.603,0],"ix":2,"l":2},"a":{"a":0,"k":[-60.5,-12,0],"ix":1,"l":2},"s":{"a":0,"k":[-762.265,762.265,100],"ix":6,"l":2}},"ao":0,"shapes":[{"ty":"gr","it":[{"ind":0,"ty":"sh","ix":1,"ks":{"a":0,"k":{"i":[[7.732,0],[0,0],[0,-7.732],[-7.732,0],[0,0],[0,7.732]],"o":[[0,0],[-7.732,0],[0,7.732],[0,0],[7.732,0],[0,-7.732]],"v":[[19.5,-14],[-19.5,-14],[-33.5,0],[-19.5,14],[19.5,14],[33.5,0]],"c":true},"ix":2},"nm":"Path 1","mn":"ADBE Vector Shape - Group","hd":false},{"ty":"st","c":{"a":0,"k":[0.941176470588,0.941176470588,0.941176470588,1],"ix":3},"o":{"a":0,"k":100,"ix":4},"w":{"a":0,"k":1,"ix":5},"lc":1,"lj":1,"ml":4,"bm":0,"nm":"Stroke 1","mn":"ADBE Vector Graphic - Stroke","hd":false},{"ty":"fl","c":{"a":0,"k":[0.941176470588,0.941176470588,0.941176470588,1],"ix":4},"o":{"a":0,"k":100,"ix":5},"r":1,"bm":0,"nm":"Fill 1","mn":"ADBE Vector Graphic - Fill","hd":true},{"ty":"tr","p":{"a":0,"k":[-60.5,-12],"ix":2},"a":{"a":0,"k":[0,0],"ix":1},"s":{"a":0,"k":[100,100],"ix":3},"r":{"a":0,"k":0,"ix":6},"o":{"a":0,"k":100,"ix":7},"sk":{"a":0,"k":0,"ix":4},"sa":{"a":0,"k":0,"ix":5},"nm":"Transform"}],"nm":"Rectangle 1","np":3,"cix":2,"bm":0,"ix":1,"mn":"ADBE Vector Group","hd":false}],"ip":0,"op":46.0000018736184,"st":0,"bm":0},{"ddd":0,"ind":5,"ty":4,"nm":"Shape Layer 2","sr":1,"ks":{"o":{"a":0,"k":10,"ix":11},"r":{"a":0,"k":0,"ix":10},"p":{"a":0,"k":[306.752,150.603,0],"ix":2,"l":2},"a":{"a":0,"k":[-60.5,-12,0],"ix":1,"l":2},"s":{"a":0,"k":[-762.265,762.265,100],"ix":6,"l":2}},"ao":0,"shapes":[{"ty":"gr","it":[{"ind":0,"ty":"sh","ix":1,"ks":{"a":0,"k":{"i":[[0.015,0.052],[-7.732,0],[0,0],[0,7.732]],"o":[[0,7.732],[0,0],[7.732,0],[-0.08,0.052]],"v":[[-33.5,0],[-19.5,14],[19.5,14],[33.5,0]],"c":true},"ix":2},"nm":"Path 1","mn":"ADBE Vector Shape - Group","hd":false},{"ty":"st","c":{"a":0,"k":[1,1,1,1],"ix":3},"o":{"a":0,"k":100,"ix":4},"w":{"a":0,"k":5,"ix":5},"lc":1,"lj":1,"ml":4,"bm":0,"nm":"Stroke 1","mn":"ADBE Vector Graphic - Stroke","hd":true},{"ty":"fl","c":{"a":0,"k":[0.63137254902,0.63137254902,0.63137254902,1],"ix":4},"o":{"a":0,"k":100,"ix":5},"r":1,"bm":0,"nm":"Fill 1","mn":"ADBE Vector Graphic - Fill","hd":false},{"ty":"tr","p":{"a":0,"k":[-60.5,-12],"ix":2},"a":{"a":0,"k":[0,0],"ix":1},"s":{"a":0,"k":[100,100],"ix":3},"r":{"a":0,"k":0,"ix":6},"o":{"a":0,"k":100,"ix":7},"sk":{"a":0,"k":0,"ix":4},"sa":{"a":0,"k":0,"ix":5},"nm":"Transform"}],"nm":"Rectangle 1","np":3,"cix":2,"bm":0,"ix":1,"mn":"ADBE Vector Group","hd":false}],"ip":0,"op":46.0000018736184,"st":0,"bm":0},{"ddd":0,"ind":6,"ty":4,"nm":"Shape Layer 7","sr":1,"ks":{"o":{"a":0,"k":10,"ix":11},"r":{"a":0,"k":0,"ix":10},"p":{"a":0,"k":[306.752,150.603,0],"ix":2,"l":2},"a":{"a":0,"k":[-60.5,-12,0],"ix":1,"l":2},"s":{"a":0,"k":[-762.265,762.265,100],"ix":6,"l":2}},"ao":0,"shapes":[{"ty":"gr","it":[{"ind":0,"ty":"sh","ix":1,"ks":{"a":0,"k":{"i":[[7.732,0],[0,0],[0,-7.732],[-7.732,0],[0,0],[0,7.732]],"o":[[0,0],[-7.732,0],[0,7.732],[0,0],[7.732,0],[0,-7.732]],"v":[[19.5,-14],[-19.5,-14],[-33.5,0],[-19.5,14],[19.5,14],[33.5,0]],"c":true},"ix":2},"nm":"Path 1","mn":"ADBE Vector Shape - Group","hd":false},{"ty":"st","c":{"a":0,"k":[1,1,1,1],"ix":3},"o":{"a":0,"k":100,"ix":4},"w":{"a":0,"k":1,"ix":5},"lc":1,"lj":1,"ml":4,"bm":0,"nm":"Stroke 1","mn":"ADBE Vector Graphic - Stroke","hd":true},{"ty":"fl","c":{"a":0,"k":[0.941176470588,0.941176470588,0.941176470588,1],"ix":4},"o":{"a":0,"k":100,"ix":5},"r":1,"bm":0,"nm":"Fill 1","mn":"ADBE Vector Graphic - Fill","hd":false},{"ty":"tr","p":{"a":0,"k":[-60.5,-12],"ix":2},"a":{"a":0,"k":[0,0],"ix":1},"s":{"a":0,"k":[100,100],"ix":3},"r":{"a":0,"k":0,"ix":6},"o":{"a":0,"k":100,"ix":7},"sk":{"a":0,"k":0,"ix":4},"sa":{"a":0,"k":0,"ix":5},"nm":"Transform"}],"nm":"Rectangle 1","np":3,"cix":2,"bm":0,"ix":1,"mn":"ADBE Vector Group","hd":false}],"ip":0,"op":46.0000018736184,"st":0,"bm":0}]},{"id":"comp_1","layers":[{"ddd":0,"ind":1,"ty":4,"nm":"ears","sr":1,"ks":{"o":{"a":0,"k":100,"ix":11},"r":{"a":0,"k":0,"ix":10},"p":{"a":0,"k":[445.875,165.241,0],"ix":2,"x":"var $bm_rt;\n$bm_rt = thisComp.layer('body').transform.position;","l":2},"a":{"a":0,"k":[303.438,-19.344,0],"ix":1,"l":2},"s":{"a":0,"k":[100,100,100],"ix":6,"l":2}},"ao":0,"shapes":[{"ty":"gr","it":[{"ind":0,"ty":"sh","ix":1,"ks":{"a":1,"k":[{"i":{"x":0.833,"y":0.833},"o":{"x":0.167,"y":0.167},"t":8,"s":[{"i":[[0,0],[8.042,-0.574],[0.55,-5.495],[-2.537,-2.038],[0,0]],"o":[[0,0],[-7,0.5],[-0.567,5.666],[1.941,1.559],[0,0]],"v":[[271.188,-48.75],[257.688,-53.25],[246.188,-43.25],[250.962,-31.966],[254.688,-29.75]],"c":false}]},{"t":36.0000014663101,"s":[{"i":[[0,0],[8.042,-0.574],[0.55,-5.495],[-2.537,-2.038],[0,0]],"o":[[0,0],[-7,0.5],[-0.567,5.666],[1.941,1.559],[0,0]],"v":[[271.188,-48.75],[257.688,-53.25],[246.188,-43.25],[250.962,-31.966],[254.688,-29.75]],"c":false}]}],"ix":2},"nm":"Path 1","mn":"ADBE Vector Shape - Group","hd":false},{"ty":"st","c":{"a":0,"k":[0.917647058824,0.917647058824,0.917647058824,1],"ix":3},"o":{"a":0,"k":100,"ix":4},"w":{"a":1,"k":[{"i":{"x":[0.833],"y":[0.833]},"o":{"x":[0.167],"y":[0.167]},"t":21.528,"s":[1]},{"i":{"x":[0.833],"y":[0.833]},"o":{"x":[0.167],"y":[0.167]},"t":22,"s":[6]},{"t":22.4700009152219,"s":[1]}],"ix":5},"lc":1,"lj":1,"ml":4,"bm":0,"nm":"Stroke 1","mn":"ADBE Vector Graphic - Stroke","hd":false},{"ty":"fl","c":{"a":1,"k":[{"i":{"x":[0.833],"y":[0.833]},"o":{"x":[0.167],"y":[0.167]},"t":20,"s":[0.78431372549,0.78431372549,0.78431372549,1]},{"i":{"x":[0.833],"y":[0.833]},"o":{"x":[0.167],"y":[0.167]},"t":22,"s":[0.917647063732,0.917647063732,0.917647063732,1]},{"t":25.0000010182709,"s":[0.78431372549,0.78431372549,0.78431372549,1]}],"ix":4},"o":{"a":0,"k":100,"ix":5},"r":1,"bm":0,"nm":"Fill 1","mn":"ADBE Vector Graphic - Fill","hd":false},{"ty":"tr","p":{"a":1,"k":[{"i":{"x":0.833,"y":0.833},"o":{"x":0.167,"y":0.167},"t":8,"s":[303.5,-60.5],"to":[0,0],"ti":[0,0]},{"i":{"x":0.833,"y":0.833},"o":{"x":0.167,"y":0.167},"t":22,"s":[317.5,-60.5],"to":[0,0],"ti":[0,0]},{"t":36.0000014663101,"s":[303.5,-60.5]}],"ix":2},"a":{"a":0,"k":[303.5,-32],"ix":1},"s":{"a":1,"k":[{"i":{"x":[0.833,0.833],"y":[0.833,0.833]},"o":{"x":[0.167,0.167],"y":[0.167,0.167]},"t":8,"s":[-100,100]},{"t":36.0000014663101,"s":[100,100]}],"ix":3},"r":{"a":0,"k":0,"ix":6},"o":{"a":0,"k":100,"ix":7},"sk":{"a":0,"k":0,"ix":4},"sa":{"a":0,"k":0,"ix":5},"nm":"Transform"}],"nm":"Shape 3","np":3,"cix":2,"bm":0,"ix":1,"mn":"ADBE Vector Group","hd":false},{"ty":"gr","it":[{"ind":0,"ty":"sh","ix":1,"ks":{"a":1,"k":[{"i":{"x":0.833,"y":0.833},"o":{"x":0.167,"y":0.167},"t":8,"s":[{"i":[[0,0],[8.042,-0.574],[0.55,-5.495],[0,0]],"o":[[0,0],[-7,0.5],[-1,10],[0,0]],"v":[[271.188,-48.75],[257.688,-53.25],[246.188,-43.25],[254.688,-29.75]],"c":false}]},{"i":{"x":0.833,"y":0.833},"o":{"x":0.167,"y":0.167},"t":14.589,"s":[{"i":[[0,0],[6.504,-1.346],[5.724,-1.758],[0,0]],"o":[[0,0],[-6.504,1.346],[-5.724,1.758],[0,0]],"v":[[266.328,-55.982],[252.054,-54.296],[231.441,-49.458],[220.022,-45.861]],"c":false}]},{"i":{"x":0.833,"y":0.833},"o":{"x":0.167,"y":0.167},"t":24.706,"s":[{"i":[[0,0],[8.198,-0.284],[7.83,-0.473],[0,0]],"o":[[0,0],[-9.656,0.334],[-10.382,0.627],[0,0]],"v":[[255.445,-56.058],[234.031,-55.428],[207.917,-54.19],[184.639,-52.518]],"c":false}]},{"i":{"x":0.833,"y":0.833},"o":{"x":0.167,"y":0.167},"t":27.059,"s":[{"i":[[0,0],[6.595,0.155],[5.491,-1.935],[0,0]],"o":[[0,0],[-4.31,-0.102],[-3.634,1.28],[0,0]],"v":[[250.744,-53.438],[241.263,-55.125],[226.413,-52.813],[218.225,-48.25]],"c":false}]},{"i":{"x":0.833,"y":0.833},"o":{"x":0.167,"y":0.167},"t":29.883,"s":[{"i":[[0,0],[7.181,0.581],[5.206,-3.975],[0,0]],"o":[[0,0],[-5.366,-0.434],[-4.67,3.566],[0,0]],"v":[[269.078,-52.688],[260.981,-56.063],[243.19,-50.75],[237.944,-43.813]],"c":false}]},{"i":{"x":0.833,"y":0.833},"o":{"x":0.167,"y":0.167},"t":33.411,"s":[{"i":[[0,0],[8.054,-0.371],[1.62,-5.28],[0,0]],"o":[[0,0],[-6.104,0.281],[-1.658,5.406],[0,0]],"v":[[271.188,-48.75],[258.761,-53.875],[246.188,-45.125],[246.713,-32.75]],"c":false}]},{"t":36.0000014663101,"s":[{"i":[[0,0],[8.042,-0.574],[0.55,-5.495],[0,0]],"o":[[0,0],[-7,0.5],[-1,10],[0,0]],"v":[[271.188,-48.75],[257.688,-53.25],[246.188,-43.25],[254.688,-29.75]],"c":false}]}],"ix":2},"nm":"Path 1","mn":"ADBE Vector Shape - Group","hd":false},{"ty":"st","c":{"a":0,"k":[0.917647058824,0.917647058824,0.917647058824,1],"ix":3},"o":{"a":0,"k":100,"ix":4},"w":{"a":0,"k":1,"ix":5},"lc":1,"lj":1,"ml":4,"bm":0,"nm":"Stroke 1","mn":"ADBE Vector Graphic - Stroke","hd":false},{"ty":"fl","c":{"a":0,"k":[0.78431372549,0.78431372549,0.78431372549,1],"ix":4},"o":{"a":0,"k":100,"ix":5},"r":1,"bm":0,"nm":"Fill 1","mn":"ADBE Vector Graphic - Fill","hd":false},{"ty":"tr","p":{"a":1,"k":[{"i":{"x":0.833,"y":0.833},"o":{"x":0.167,"y":0.167},"t":8,"s":[303,-61.5],"to":[0,0],"ti":[0,0]},{"i":{"x":0.833,"y":0.833},"o":{"x":0.167,"y":0.167},"t":33.411,"s":[309,-63.5],"to":[0,0],"ti":[0,0]},{"t":36.0000014663101,"s":[303,-61.5]}],"ix":2},"a":{"a":0,"k":[303.5,-32],"ix":1},"s":{"a":1,"k":[{"i":{"x":[0.833,0.833],"y":[0.833,0.833]},"o":{"x":[0.167,0.167],"y":[0.167,0.167]},"t":8,"s":[100,100]},{"t":36.0000014663101,"s":[-100,100]}],"ix":3},"r":{"a":0,"k":0,"ix":6},"o":{"a":1,"k":[{"i":{"x":[0.833],"y":[0.833]},"o":{"x":[0.167],"y":[0.167]},"t":14.354,"s":[100]},{"i":{"x":[0.833],"y":[0.833]},"o":{"x":[0.167],"y":[0.167]},"t":14.824,"s":[0]},{"i":{"x":[0.833],"y":[0.833]},"o":{"x":[0.167],"y":[0.167]},"t":24.236,"s":[0]},{"t":24.7062510063062,"s":[100]}],"ix":7},"sk":{"a":0,"k":0,"ix":4},"sa":{"a":0,"k":0,"ix":5},"nm":"Transform"}],"nm":"Shape 2","np":3,"cix":2,"bm":0,"ix":2,"mn":"ADBE Vector Group","hd":false}],"ip":0,"op":45.0000018328876,"st":0,"bm":0},{"ddd":0,"ind":2,"ty":4,"nm":"nose 2","sr":1,"ks":{"o":{"a":0,"k":100,"ix":11},"r":{"a":0,"k":0,"ix":10},"p":{"a":0,"k":[447,163.054,0],"ix":2,"x":"var $bm_rt;\n$bm_rt = thisComp.layer('body').transform.position;","l":2},"a":{"a":0,"k":[303.438,-19.344,0],"ix":1,"l":2},"s":{"a":0,"k":[100,100,100],"ix":6,"l":2}},"ao":0,"shapes":[{"ty":"gr","it":[{"ty":"gr","it":[{"ty":"gr","it":[{"ind":0,"ty":"sh","ix":1,"ks":{"a":1,"k":[{"i":{"x":0.833,"y":0.833},"o":{"x":0.167,"y":0.167},"t":22,"s":[{"i":[[0.996,-0.569],[-0.316,-0.914],[-0.027,-0.015],[-0.013,0.785]],"o":[[-0.027,0.015],[0.372,1.077],[0.631,-0.38],[0.013,-0.785]],"v":[[-1.899,-1.494],[-1.531,-0.292],[-0.84,1.494],[0.399,-0.621]],"c":true}]},{"t":36.0000014663101,"s":[{"i":[[0.966,0],[0,-0.967],[-0.966,0],[0,0.967]],"o":[[-0.966,0],[0,0.967],[0.966,0],[0,-0.967]],"v":[[0,-1.75],[-1.75,0],[0,1.75],[1.75,0]],"c":true}]}],"ix":2},"nm":"Path 1","mn":"ADBE Vector Shape - Group","hd":false},{"ty":"st","c":{"a":0,"k":[1,1,1,1],"ix":3},"o":{"a":0,"k":100,"ix":4},"w":{"a":0,"k":1,"ix":5},"lc":1,"lj":1,"ml":4,"bm":0,"nm":"Stroke 1","mn":"ADBE Vector Graphic - Stroke","hd":true},{"ty":"fl","c":{"a":0,"k":[1,0.515570965935,0.450980362238,1],"ix":4},"o":{"a":0,"k":100,"ix":5},"r":1,"bm":0,"nm":"Fill 1","mn":"ADBE Vector Graphic - Fill","hd":false},{"ty":"tr","p":{"a":0,"k":[303.875,-35],"ix":2},"a":{"a":0,"k":[-0.073,0],"ix":1},"s":{"a":0,"k":[171.122,171.122],"ix":3},"r":{"a":0,"k":0,"ix":6},"o":{"a":0,"k":100,"ix":7},"sk":{"a":0,"k":0,"ix":4},"sa":{"a":0,"k":0,"ix":5},"nm":"Transform"}],"nm":"Ellipse 5","np":3,"cix":2,"bm":0,"ix":1,"mn":"ADBE Vector Group","hd":false},{"ty":"tr","p":{"a":1,"k":[{"i":{"x":0.833,"y":0.833},"o":{"x":0.167,"y":0.167},"t":19,"s":[274.875,-32.685],"to":[5,0],"ti":[-4.542,0]},{"i":{"x":0.833,"y":0.833},"o":{"x":0.167,"y":0.167},"t":22,"s":[304.875,-32.685],"to":[4.542,0],"ti":[0.458,0]},{"t":36.0000014663101,"s":[302.125,-32.685]}],"ix":2},"a":{"a":0,"k":[304,-32.685],"ix":1},"s":{"a":0,"k":[100,100],"ix":3},"r":{"a":0,"k":0,"ix":6},"o":{"a":0,"k":100,"ix":7},"sk":{"a":0,"k":0,"ix":4},"sa":{"a":0,"k":0,"ix":5},"nm":"Transform"}],"nm":"Group 2","np":1,"cix":2,"bm":0,"ix":1,"mn":"ADBE Vector Group","hd":false},{"ty":"tr","p":{"a":1,"k":[{"i":{"x":0.833,"y":0.833},"o":{"x":0.167,"y":0.167},"t":12.001,"s":[401.938,-38.563],"to":[-4.5,0],"ti":[16.5,0]},{"i":{"x":0.833,"y":0.833},"o":{"x":0.167,"y":0.167},"t":22,"s":[374.938,-38.563],"to":[-16.5,0],"ti":[12,0]},{"t":36.0000014663101,"s":[302.938,-38.563]}],"ix":2},"a":{"a":0,"k":[303.688,-38.563],"ix":1},"s":{"a":0,"k":[100,100],"ix":3},"r":{"a":0,"k":0,"ix":6},"o":{"a":0,"k":100,"ix":7},"sk":{"a":0,"k":0,"ix":4},"sa":{"a":0,"k":0,"ix":5},"nm":"Transform"}],"nm":"Group 1","np":1,"cix":2,"bm":0,"ix":1,"mn":"ADBE Vector Group","hd":false}],"ip":22.0000008960784,"op":45.0000018328876,"st":0,"bm":0},{"ddd":0,"ind":3,"ty":4,"nm":"Eyes_and_lips","sr":1,"ks":{"o":{"a":0,"k":100,"ix":11},"r":{"a":0,"k":0,"ix":10},"p":{"a":0,"k":[447,163.054,0],"ix":2,"x":"var $bm_rt;\n$bm_rt = thisComp.layer('body').transform.position;","l":2},"a":{"a":0,"k":[303.438,-19.344,0],"ix":1,"l":2},"s":{"a":0,"k":[100,100,100],"ix":6,"l":2}},"ao":0,"hasMask":true,"masksProperties":[{"inv":false,"mode":"a","pt":{"a":0,"k":{"i":[[22.153,0],[16.421,-18.951],[0,-19.376],[-42.25,0],[0,42.25],[14.33,15.121]],"o":[[-22.873,0],[-12.383,14.291],[0,42.25],[42.25,0],[0,-20.097],[-16.077,-16.965]],"v":[[303.438,-88.063],[246.017,-62.112],[226.938,-5.563],[303.438,60.938],[379.938,-5.563],[357.514,-64.598]],"c":true},"ix":1},"o":{"a":0,"k":100,"ix":3},"x":{"a":0,"k":0,"ix":4},"nm":"Mask 1"}],"shapes":[{"ty":"gr","it":[{"ty":"gr","it":[{"ty":"gr","it":[{"ind":0,"ty":"sh","ix":1,"ks":{"a":1,"k":[{"i":{"x":0.833,"y":0.833},"o":{"x":0.167,"y":0.167},"t":22,"s":[{"i":[[0,0],[-1.42,1.969],[0,0],[-0.734,-1.073],[0,0]],"o":[[0,0],[1.009,-1.398],[0,0],[0.813,1.188],[0,0]],"v":[[300.25,6],[303.625,4.063],[305.531,-1.281],[308.5,2],[309,5.281]],"c":false}]},{"i":{"x":0.833,"y":0.833},"o":{"x":0.167,"y":0.167},"t":25.38,"s":[{"i":[[0,0],[-1.502,1.938],[0,0],[-0.52,-1.19],[-0.92,-0.798]],"o":[[0,0],[0.939,-1.219],[0,0],[0.603,1.381],[0,0]],"v":[[299.542,5.457],[303.576,3.012],[304.92,-0.688],[305.875,2.088],[307.835,5.142]],"c":false}]},{"i":{"x":0.833,"y":0.833},"o":{"x":0.167,"y":0.167},"t":27.31,"s":[{"i":[[0,0],[-1.557,1.915],[0,0],[-0.618,-1.145],[0,0]],"o":[[0,0],[0.89,-1.095],[0,0],[0.859,1.593],[0,0]],"v":[[300.433,5.08],[303.653,2.813],[304.995,-0.624],[306.183,2.688],[308.247,4.874]],"c":false}]},{"t":36.0000014663101,"s":[{"i":[[0,0],[-0.813,1.25],[0,0],[-0.734,-1.073],[0,0]],"o":[[0,0],[0.729,-1.121],[0,0],[0.813,1.188],[0,0]],"v":[[300,4.375],[302.813,2.688],[303.875,-0.25],[305.188,2.75],[308,4.375]],"c":false}]}],"ix":2},"nm":"Path 1","mn":"ADBE Vector Shape - Group","hd":false},{"ty":"st","c":{"a":0,"k":[1,0.515563964844,0.450958251953,1],"ix":3},"o":{"a":0,"k":100,"ix":4},"w":{"a":0,"k":1,"ix":5},"lc":1,"lj":1,"ml":4,"bm":0,"nm":"Stroke 1","mn":"ADBE Vector Graphic - Stroke","hd":false},{"ty":"fl","c":{"a":0,"k":[1,0.641245643765,0.623529411765,1],"ix":4},"o":{"a":0,"k":100,"ix":5},"r":1,"bm":0,"nm":"Fill 1","mn":"ADBE Vector Graphic - Fill","hd":true},{"ty":"tr","p":{"a":0,"k":[303.625,-31.25],"ix":2},"a":{"a":0,"k":[303,0.5],"ix":1},"s":{"a":0,"k":[100,100],"ix":3},"r":{"a":0,"k":0,"ix":6},"o":{"a":0,"k":100,"ix":7},"sk":{"a":0,"k":0,"ix":4},"sa":{"a":0,"k":0,"ix":5},"nm":"Transform"}],"nm":"Shape 1","np":3,"cix":2,"bm":0,"ix":1,"mn":"ADBE Vector Group","hd":false},{"ty":"tr","p":{"a":1,"k":[{"i":{"x":0.833,"y":0.833},"o":{"x":0.167,"y":0.167},"t":22,"s":[302.875,-32.685],"to":[-0.031,0],"ti":[0.091,0]},{"t":36.0000014663101,"s":[301.875,-32.685]}],"ix":2},"a":{"a":0,"k":[304,-32.685],"ix":1},"s":{"a":0,"k":[100,100],"ix":3},"r":{"a":0,"k":0,"ix":6},"o":{"a":0,"k":100,"ix":7},"sk":{"a":0,"k":0,"ix":4},"sa":{"a":0,"k":0,"ix":5},"nm":"Transform"}],"nm":"Group 2","np":1,"cix":2,"bm":0,"ix":1,"mn":"ADBE Vector Group","hd":false},{"ty":"gr","it":[{"ty":"gr","it":[{"ty":"gr","it":[{"ind":0,"ty":"sh","ix":1,"ks":{"a":0,"k":{"i":[[0.69,0],[0,-0.69],[-0.69,0],[0,0.69]],"o":[[-0.69,0],[0,0.69],[0.69,0],[0,-0.69]],"v":[[0,-1.25],[-1.25,0],[0,1.25],[1.25,0]],"c":true},"ix":2},"nm":"Path 1","mn":"ADBE Vector Shape - Group","hd":false},{"ty":"st","c":{"a":0,"k":[1,1,1,1],"ix":3},"o":{"a":0,"k":100,"ix":4},"w":{"a":0,"k":1,"ix":5},"lc":1,"lj":1,"ml":4,"bm":0,"nm":"Stroke 1","mn":"ADBE Vector Graphic - Stroke","hd":true},{"ty":"fl","c":{"a":0,"k":[1,1,1,1],"ix":4},"o":{"a":0,"k":100,"ix":5},"r":1,"bm":0,"nm":"Fill 1","mn":"ADBE Vector Graphic - Fill","hd":false},{"ty":"tr","p":{"a":0,"k":[164.375,-13.125],"ix":2},"a":{"a":0,"k":[0,0],"ix":1},"s":{"a":0,"k":[-100,100],"ix":3},"r":{"a":0,"k":0,"ix":6},"o":{"a":0,"k":100,"ix":7},"sk":{"a":0,"k":0,"ix":4},"sa":{"a":0,"k":0,"ix":5},"nm":"Transform"}],"nm":"Ellipse 4","np":3,"cix":2,"bm":0,"ix":1,"mn":"ADBE Vector Group","hd":false},{"ty":"gr","it":[{"ind":0,"ty":"sh","ix":1,"ks":{"a":0,"k":{"i":[[4.004,0],[0,-4.004],[-4.004,0],[0,4.004]],"o":[[-4.004,0],[0,4.004],[4.004,0],[0,-4.004]],"v":[[0.875,-7.25],[-7.25,1.375],[0,7.25],[7.25,1.375]],"c":true},"ix":2},"nm":"Path 1","mn":"ADBE Vector Shape - Group","hd":false},{"ty":"st","c":{"a":0,"k":[1,1,1,1],"ix":3},"o":{"a":0,"k":100,"ix":4},"w":{"a":0,"k":1,"ix":5},"lc":1,"lj":1,"ml":4,"bm":0,"nm":"Stroke 1","mn":"ADBE Vector Graphic - Stroke","hd":true},{"ty":"fl","c":{"a":0,"k":[0,0,0,1],"ix":4},"o":{"a":0,"k":100,"ix":5},"r":1,"bm":0,"nm":"Fill 1","mn":"ADBE Vector Graphic - Fill","hd":false},{"ty":"tr","p":{"a":0,"k":[167.125,-10.75],"ix":2},"a":{"a":0,"k":[0,0],"ix":1},"s":{"a":0,"k":[-100,100],"ix":3},"r":{"a":0,"k":0,"ix":6},"o":{"a":0,"k":100,"ix":7},"sk":{"a":0,"k":0,"ix":4},"sa":{"a":0,"k":0,"ix":5},"nm":"Transform"}],"nm":"Ellipse 3","np":3,"cix":2,"bm":0,"ix":2,"mn":"ADBE Vector Group","hd":false},{"ty":"tr","p":{"a":0,"k":[169.625,-10.75],"ix":2},"a":{"a":0,"k":[167.125,-10.75],"ix":1},"s":{"a":0,"k":[100,100],"ix":3},"r":{"a":0,"k":0,"ix":6},"o":{"a":0,"k":100,"ix":7},"sk":{"a":0,"k":0,"ix":4},"sa":{"a":0,"k":0,"ix":5},"nm":"Transform"}],"nm":"Group 2","np":2,"cix":2,"bm":0,"ix":1,"mn":"ADBE Vector Group","hd":false},{"ty":"gr","it":[{"ty":"gr","it":[{"ind":0,"ty":"sh","ix":1,"ks":{"a":0,"k":{"i":[[0.69,0],[0,-0.69],[-0.69,0],[0,0.69]],"o":[[-0.69,0],[0,0.69],[0.69,0],[0,-0.69]],"v":[[0,-1.25],[-1.25,0],[0,1.25],[1.25,0]],"c":true},"ix":2},"nm":"Path 1","mn":"ADBE Vector Shape - Group","hd":false},{"ty":"st","c":{"a":0,"k":[1,1,1,1],"ix":3},"o":{"a":0,"k":100,"ix":4},"w":{"a":0,"k":1,"ix":5},"lc":1,"lj":1,"ml":4,"bm":0,"nm":"Stroke 1","mn":"ADBE Vector Graphic - Stroke","hd":true},{"ty":"fl","c":{"a":0,"k":[1,1,1,1],"ix":4},"o":{"a":0,"k":100,"ix":5},"r":1,"bm":0,"nm":"Fill 1","mn":"ADBE Vector Graphic - Fill","hd":false},{"ty":"tr","p":{"a":0,"k":[130.5,-13.125],"ix":2},"a":{"a":0,"k":[0,0],"ix":1},"s":{"a":0,"k":[100,100],"ix":3},"r":{"a":0,"k":0,"ix":6},"o":{"a":0,"k":100,"ix":7},"sk":{"a":0,"k":0,"ix":4},"sa":{"a":0,"k":0,"ix":5},"nm":"Transform"}],"nm":"Ellipse 2","np":3,"cix":2,"bm":0,"ix":1,"mn":"ADBE Vector Group","hd":false},{"ty":"gr","it":[{"ind":0,"ty":"sh","ix":1,"ks":{"a":0,"k":{"i":[[4.004,0],[0,-4.004],[-4.004,0],[0,4.004]],"o":[[-4.004,0],[0,4.004],[4.004,0],[0,-4.004]],"v":[[0.875,-7.25],[-7.25,1.375],[0,7.25],[7.25,1.375]],"c":true},"ix":2},"nm":"Path 1","mn":"ADBE Vector Shape - Group","hd":false},{"ty":"st","c":{"a":0,"k":[1,1,1,1],"ix":3},"o":{"a":0,"k":100,"ix":4},"w":{"a":0,"k":1,"ix":5},"lc":1,"lj":1,"ml":4,"bm":0,"nm":"Stroke 1","mn":"ADBE Vector Graphic - Stroke","hd":true},{"ty":"fl","c":{"a":0,"k":[0,0,0,1],"ix":4},"o":{"a":0,"k":100,"ix":5},"r":1,"bm":0,"nm":"Fill 1","mn":"ADBE Vector Graphic - Fill","hd":false},{"ty":"tr","p":{"a":0,"k":[133.25,-10.75],"ix":2},"a":{"a":0,"k":[0,0],"ix":1},"s":{"a":0,"k":[100,100],"ix":3},"r":{"a":0,"k":0,"ix":6},"o":{"a":0,"k":100,"ix":7},"sk":{"a":0,"k":0,"ix":4},"sa":{"a":0,"k":0,"ix":5},"nm":"Transform"}],"nm":"Ellipse 1","np":3,"cix":2,"bm":0,"ix":2,"mn":"ADBE Vector Group","hd":false},{"ty":"tr","p":{"a":0,"k":[130.75,-10.75],"ix":2},"a":{"a":0,"k":[133.25,-10.75],"ix":1},"s":{"a":0,"k":[100,100],"ix":3},"r":{"a":0,"k":0,"ix":6},"o":{"a":0,"k":100,"ix":7},"sk":{"a":0,"k":0,"ix":4},"sa":{"a":0,"k":0,"ix":5},"nm":"Transform"}],"nm":"Group 1","np":2,"cix":2,"bm":0,"ix":2,"mn":"ADBE Vector Group","hd":false},{"ty":"tr","p":{"a":1,"k":[{"i":{"x":0.833,"y":0.833},"o":{"x":0.167,"y":0.167},"t":22,"s":[294.688,-42.5],"to":[1.333,0],"ti":[-1.333,0]},{"t":36.0000014663101,"s":[302.688,-42.5]}],"ix":2},"a":{"a":0,"k":[150.188,-10.75],"ix":1},"s":{"a":1,"k":[{"i":{"x":[0.833,0.833],"y":[0.833,0.833]},"o":{"x":[0.167,0.167],"y":[0.167,0.167]},"t":12.001,"s":[18,100]},{"i":{"x":[0.833,0.833],"y":[0.833,0.833]},"o":{"x":[0.167,0.167],"y":[0.167,0.167]},"t":22,"s":[64,100]},{"t":36.0000014663101,"s":[100,100]}],"ix":3},"r":{"a":0,"k":0,"ix":6},"o":{"a":0,"k":100,"ix":7},"sk":{"a":0,"k":0,"ix":4},"sa":{"a":0,"k":0,"ix":5},"nm":"Transform"}],"nm":"Group 1","np":2,"cix":2,"bm":0,"ix":2,"mn":"ADBE Vector Group","hd":false},{"ty":"tr","p":{"a":1,"k":[{"i":{"x":0.833,"y":0.833},"o":{"x":0.167,"y":0.167},"t":12.001,"s":[401.688,-38.563],"to":[-4.5,0],"ti":[16.5,0]},{"i":{"x":0.833,"y":0.833},"o":{"x":0.167,"y":0.167},"t":22,"s":[374.688,-38.563],"to":[-16.5,0],"ti":[12,0]},{"t":36.0000014663101,"s":[302.688,-38.563]}],"ix":2},"a":{"a":0,"k":[303.688,-38.563],"ix":1},"s":{"a":0,"k":[100,100],"ix":3},"r":{"a":0,"k":0,"ix":6},"o":{"a":0,"k":100,"ix":7},"sk":{"a":0,"k":0,"ix":4},"sa":{"a":0,"k":0,"ix":5},"nm":"Transform"}],"nm":"Group 1","np":2,"cix":2,"bm":0,"ix":1,"mn":"ADBE Vector Group","hd":false}],"ip":0,"op":45.0000018328876,"st":0,"bm":0},{"ddd":0,"ind":4,"ty":4,"nm":"tail","sr":1,"ks":{"o":{"a":0,"k":100,"ix":11},"r":{"a":0,"k":0,"ix":10},"p":{"a":0,"k":[152.401,137.498,0],"ix":2,"x":"var $bm_rt;\n$bm_rt = thisComp.layer('body').transform.position;","l":2},"a":{"a":0,"k":[-218.349,-13.002,0],"ix":1,"l":2},"s":{"a":0,"k":[100,100,100],"ix":6,"l":2}},"ao":0,"shapes":[{"ty":"gr","it":[{"ind":0,"ty":"sh","ix":1,"ks":{"a":1,"k":[{"i":{"x":0.833,"y":0.833},"o":{"x":0.167,"y":0.167},"t":8,"s":[{"i":[[6,0.25],[-1,-8.25],[-7.042,0],[-1.402,7.573]],"o":[[-4.996,-0.208],[0.907,7.483],[7.042,0],[1.25,-6.75]],"v":[[-0.25,-12],[-12.25,2.75],[0,13],[12,2.75]],"c":true}]},{"t":22.0000008960784,"s":[{"i":[[8.545,2.123],[-5.33,-3.502],[-2.955,3.373],[3.836,2.945]],"o":[[-0.955,9.623],[6.299,4.139],[4.166,-4.756],[-7.33,-5.627]],"v":[[-10.125,-13.5],[-3.75,8.375],[12,7.75],[11.875,-9.375]],"c":true}]}],"ix":2},"nm":"Path 1","mn":"ADBE Vector Shape - Group","hd":false},{"ty":"st","c":{"a":0,"k":[1,1,1,1],"ix":3},"o":{"a":0,"k":100,"ix":4},"w":{"a":0,"k":1,"ix":5},"lc":1,"lj":1,"ml":4,"bm":0,"nm":"Stroke 1","mn":"ADBE Vector Graphic - Stroke","hd":true},{"ty":"fl","c":{"a":0,"k":[0.917647058824,0.917647058824,0.917647058824,1],"ix":4},"o":{"a":0,"k":100,"ix":5},"r":1,"bm":0,"nm":"Fill 1","mn":"ADBE Vector Graphic - Fill","hd":false},{"ty":"tr","p":{"a":1,"k":[{"i":{"x":0.833,"y":0.833},"o":{"x":0.167,"y":0.167},"t":8,"s":[-218.25,-13.5],"to":[-15.083,-0.042],"ti":[15.083,0.042]},{"t":22.0000008960784,"s":[-308.75,-13.75]}],"ix":2},"a":{"a":0,"k":[0,0],"ix":1},"s":{"a":0,"k":[100,100],"ix":3},"r":{"a":0,"k":0,"ix":6},"o":{"a":0,"k":100,"ix":7},"sk":{"a":0,"k":0,"ix":4},"sa":{"a":0,"k":0,"ix":5},"nm":"Transform"}],"nm":"Ellipse 2","np":3,"cix":2,"bm":0,"ix":1,"mn":"ADBE Vector Group","hd":false}],"ip":0,"op":22.0000008960784,"st":0,"bm":0},{"ddd":0,"ind":5,"ty":4,"nm":"body","sr":1,"ks":{"o":{"a":0,"k":100,"ix":11},"r":{"a":0,"k":0,"ix":10},"p":{"a":1,"k":[{"i":{"x":0.833,"y":0.833},"o":{"x":0.167,"y":0.167},"t":8,"s":[198.5,150,0],"to":[37.417,0,0],"ti":[-37.417,0,0]},{"t":36.0000014663101,"s":[423,150,0]}],"ix":2,"l":2},"a":{"a":0,"k":[-139.5,0,0],"ix":1,"l":2},"s":{"a":0,"k":[100,100,100],"ix":6,"l":2}},"ao":0,"hasMask":true,"masksProperties":[{"inv":false,"mode":"a","pt":{"a":0,"k":{"i":[[22.153,0],[16.421,-18.951],[0,-19.376],[-42.25,0],[0,42.25],[14.33,15.121]],"o":[[-22.873,0],[-12.383,14.291],[0,42.25],[42.25,0],[0,-20.097],[-16.077,-16.965]],"v":[[-139.438,-68.875],[-196.858,-42.924],[-215.938,13.625],[-139.438,80.125],[-62.938,13.625],[-85.361,-45.41]],"c":true},"ix":1},"o":{"a":0,"k":100,"ix":3},"x":{"a":0,"k":0,"ix":4},"nm":"Mask 1"}],"shapes":[{"ty":"gr","it":[{"ind":0,"ty":"sh","ix":1,"ks":{"a":1,"k":[{"i":{"x":0.833,"y":0.833},"o":{"x":0.167,"y":0.167},"t":8,"s":[{"i":[[0,0],[-0.778,-7.116],[-0.276,-2.277],[-0.231,-1.858],[-0.901,-2.023],[0,0],[-2.511,5.02],[-0.34,1.997],[-0.28,1.746],[-0.177,1.415],[0,0]],"o":[[0,0],[0.151,1.381],[0.195,1.612],[0.262,2.11],[2.505,5.624],[0,0],[0.935,-1.87],[0.343,-2.017],[0.377,-2.349],[1,-8],[0,0]],"v":[[-148,-77.5],[-144.375,-65.375],[-145.094,-59.519],[-143.198,-54.022],[-144.255,-48.124],[-141,-30.5],[-136.989,-47.645],[-137.677,-53.655],[-135.606,-59.227],[-135.875,-65.5],[-132.25,-77.25]],"c":true}]},{"i":{"x":0.833,"y":0.833},"o":{"x":0.167,"y":0.167},"t":22,"s":[{"i":[[0,0],[4.125,-14.644],[1.344,-10.25],[-0.863,-1.437],[-3.745,-6.645],[0,0],[-0.594,5.581],[2.419,6.074],[-0.394,5.208],[-0.086,1.718],[0.349,5.416]],"o":[[0,0],[-1.84,6.531],[-0.367,2.803],[1.096,1.823],[3.023,5.364],[0,0],[0.801,-7.531],[-1.725,-4.333],[0.179,-2.372],[0.375,-7.519],[-0.5,-7.769]],"v":[[-140.75,-102.25],[-153.375,-84.375],[-158.094,-62.019],[-157.448,-47.272],[-153.255,-19.124],[-136.75,-3],[-148.739,-25.395],[-152.177,-38.655],[-152.356,-52.477],[-153.375,-64],[-149.25,-79.75]],"c":true}]},{"i":{"x":0.833,"y":0.833},"o":{"x":0.167,"y":0.167},"t":26.824,"s":[{"i":[[0,0],[2.186,-9.57],[2.115,-7.488],[-0.327,-1.623],[-2.313,-6.416],[0,0],[-0.332,3.122],[2.419,6.074],[-0.504,5.106],[0.999,3.274],[1.574,4.983]],"o":[[0,0],[-1.353,5.924],[-1.587,3.346],[0.216,3.099],[1.909,5.705],[0,0],[0.448,-4.212],[-1.725,-4.333],[0.289,-2.785],[-1.158,-7.228],[-1.602,-6.218]],"v":[[-150.331,-89.59],[-157.526,-75.278],[-158.341,-59.202],[-156.359,-44.763],[-156.352,-22.675],[-145.465,-9.415],[-148.2,-22.005],[-150.378,-35.264],[-153.473,-48.694],[-155.293,-60.352],[-153.715,-72.512]],"c":true}]},{"i":{"x":0.833,"y":0.833},"o":{"x":0.167,"y":0.167},"t":31.294,"s":[{"i":[[0,0],[-0.492,-6.674],[2.592,-5.779],[0.005,-1.738],[-1.427,-6.275],[0,0],[-0.17,1.601],[2.419,6.074],[-0.572,5.043],[-0.539,2.55],[3.166,3.849]],"o":[[0,0],[0.492,6.674],[-2.342,3.682],[-0.328,3.888],[1.221,5.915],[0,0],[0.23,-2.16],[-1.725,-4.333],[0.357,-3.041],[0.608,-2.875],[-3.311,-4.025]],"v":[[-156.192,-68.635],[-159.339,-53.726],[-156.814,-42.811],[-153.86,-30.138],[-150.83,-14.575],[-144.95,-2.531],[-136.429,-9.686],[-141.826,-19.872],[-147.581,-36.53],[-151.94,-45.329],[-154.759,-52.843]],"c":true}]},{"t":36.0000014663101,"s":[{"i":[[0,0],[2.125,-3.375],[3.094,-3.981],[0.355,-1.859],[-0.495,-6.126],[0,0],[0,0],[2.419,6.074],[-0.644,4.977],[2.375,5.25],[3.13,4.434]],"o":[[0,0],[-3.615,5.742],[-3.136,4.036],[-0.901,4.719],[0.496,6.137],[0,0],[0,0],[-1.725,-4.333],[0.428,-3.309],[-3.103,-6.859],[-3,-4.25]],"v":[[-142.75,-59],[-146.125,-45.625],[-147.094,-37.769],[-146.698,-27.772],[-152.005,-13.374],[-148.25,-3.75],[-139.239,-3.895],[-134.927,-15.655],[-138.356,-27.227],[-136.875,-36.5],[-138.5,-45]],"c":true}]}],"ix":2},"nm":"Path 1","mn":"ADBE Vector Shape - Group","hd":false},{"ty":"st","c":{"a":0,"k":[0.941176470588,0.941176470588,0.941176470588,1],"ix":3},"o":{"a":0,"k":100,"ix":4},"w":{"a":0,"k":1,"ix":5},"lc":1,"lj":1,"ml":4,"bm":0,"nm":"Stroke 1","mn":"ADBE Vector Graphic - Stroke","hd":true},{"ty":"fl","c":{"a":0,"k":[0.403921568627,0.403921568627,0.403921568627,1],"ix":4},"o":{"a":0,"k":100,"ix":5},"r":1,"bm":0,"nm":"Fill 1","mn":"ADBE Vector Graphic - Fill","hd":false},{"ty":"tr","p":{"a":0,"k":[-141,-53.5],"ix":2},"a":{"a":0,"k":[-141,-53.5],"ix":1},"s":{"a":0,"k":[100,100],"ix":3},"r":{"a":1,"k":[{"i":{"x":[0.833],"y":[0.833]},"o":{"x":[0.167],"y":[0.167]},"t":8,"s":[0]},{"i":{"x":[0.833],"y":[0.833]},"o":{"x":[0.167],"y":[0.167]},"t":22,"s":[90]},{"i":{"x":[0.833],"y":[0.833]},"o":{"x":[0.167],"y":[0.167]},"t":26.824,"s":[106.661]},{"t":36.0000014663101,"s":[180]}],"ix":6},"o":{"a":0,"k":100,"ix":7},"sk":{"a":0,"k":0,"ix":4},"sa":{"a":0,"k":0,"ix":5},"nm":"Transform"}],"nm":"Shape 1","np":3,"cix":2,"bm":0,"ix":1,"mn":"ADBE Vector Group","hd":false},{"ty":"gr","it":[{"ind":0,"ty":"sh","ix":1,"ks":{"a":0,"k":{"i":[[22.153,0],[16.421,-18.951],[0,-19.376],[-42.25,0],[0,42.25],[14.33,15.121]],"o":[[-22.873,0],[-12.383,14.291],[0,42.25],[42.25,0],[0,-20.097],[-16.077,-16.965]],"v":[[0,-72.5],[-57.421,-46.549],[-76.5,10],[0,76.5],[76.5,10],[54.077,-49.035]],"c":true},"ix":2},"nm":"Path 1","mn":"ADBE Vector Shape - Group","hd":false},{"ty":"st","c":{"a":0,"k":[0.941176470588,0.941176470588,0.941176470588,1],"ix":3},"o":{"a":0,"k":100,"ix":4},"w":{"a":0,"k":1,"ix":5},"lc":1,"lj":1,"ml":4,"bm":0,"nm":"Stroke 1","mn":"ADBE Vector Graphic - Stroke","hd":false},{"ty":"fl","c":{"a":0,"k":[0.78431372549,0.78431372549,0.78431372549,1],"ix":4},"o":{"a":0,"k":100,"ix":5},"r":1,"bm":0,"nm":"Fill 1","mn":"ADBE Vector Graphic - Fill","hd":false},{"ty":"tr","p":{"a":0,"k":[-139.5,3.5],"ix":2},"a":{"a":0,"k":[0,0],"ix":1},"s":{"a":0,"k":[100,100],"ix":3},"r":{"a":0,"k":0,"ix":6},"o":{"a":0,"k":100,"ix":7},"sk":{"a":0,"k":0,"ix":4},"sa":{"a":0,"k":0,"ix":5},"nm":"Transform"}],"nm":"Ellipse 1","np":3,"cix":2,"bm":0,"ix":2,"mn":"ADBE Vector Group","hd":false}],"ip":0,"op":45.0000018328876,"st":0,"bm":0},{"ddd":0,"ind":6,"ty":4,"nm":"nose","sr":1,"ks":{"o":{"a":0,"k":100,"ix":11},"r":{"a":0,"k":0,"ix":10},"p":{"a":0,"k":[447,163.054,0],"ix":2,"x":"var $bm_rt;\n$bm_rt = thisComp.layer('body').transform.position;","l":2},"a":{"a":0,"k":[303.438,-19.344,0],"ix":1,"l":2},"s":{"a":0,"k":[100,100,100],"ix":6,"l":2}},"ao":0,"shapes":[{"ty":"gr","it":[{"ty":"gr","it":[{"ty":"gr","it":[{"ind":0,"ty":"sh","ix":1,"ks":{"a":1,"k":[{"i":{"x":0.833,"y":0.833},"o":{"x":0.167,"y":0.167},"t":22,"s":[{"i":[[0.996,-0.569],[-0.316,-0.914],[-0.027,-0.015],[-0.013,0.785]],"o":[[-0.027,0.015],[0.372,1.077],[0.631,-0.38],[0.013,-0.785]],"v":[[-1.899,-1.494],[-1.531,-0.292],[-0.84,1.494],[0.399,-0.621]],"c":true}]},{"t":36.0000014663101,"s":[{"i":[[0.966,0],[0,-0.967],[-0.966,0],[0,0.967]],"o":[[-0.966,0],[0,0.967],[0.966,0],[0,-0.967]],"v":[[0,-1.75],[-1.75,0],[0,1.75],[1.75,0]],"c":true}]}],"ix":2},"nm":"Path 1","mn":"ADBE Vector Shape - Group","hd":false},{"ty":"st","c":{"a":0,"k":[1,1,1,1],"ix":3},"o":{"a":0,"k":100,"ix":4},"w":{"a":0,"k":1,"ix":5},"lc":1,"lj":1,"ml":4,"bm":0,"nm":"Stroke 1","mn":"ADBE Vector Graphic - Stroke","hd":true},{"ty":"fl","c":{"a":0,"k":[1,0.515570965935,0.450980362238,1],"ix":4},"o":{"a":0,"k":100,"ix":5},"r":1,"bm":0,"nm":"Fill 1","mn":"ADBE Vector Graphic - Fill","hd":false},{"ty":"tr","p":{"a":0,"k":[303.875,-35],"ix":2},"a":{"a":0,"k":[-0.073,0],"ix":1},"s":{"a":0,"k":[171.122,171.122],"ix":3},"r":{"a":0,"k":0,"ix":6},"o":{"a":0,"k":100,"ix":7},"sk":{"a":0,"k":0,"ix":4},"sa":{"a":0,"k":0,"ix":5},"nm":"Transform"}],"nm":"Ellipse 5","np":3,"cix":2,"bm":0,"ix":1,"mn":"ADBE Vector Group","hd":false},{"ty":"tr","p":{"a":1,"k":[{"i":{"x":0.833,"y":0.833},"o":{"x":0.167,"y":0.167},"t":12.001,"s":[207.875,-32.685],"to":[16.167,0],"ti":[-15.708,0]},{"i":{"x":0.833,"y":0.833},"o":{"x":0.167,"y":0.167},"t":22,"s":[304.875,-32.685],"to":[15.708,0],"ti":[0.458,0]},{"t":36.0000014663101,"s":[302.125,-32.685]}],"ix":2},"a":{"a":0,"k":[304,-32.685],"ix":1},"s":{"a":0,"k":[100,100],"ix":3},"r":{"a":0,"k":0,"ix":6},"o":{"a":0,"k":100,"ix":7},"sk":{"a":0,"k":0,"ix":4},"sa":{"a":0,"k":0,"ix":5},"nm":"Transform"}],"nm":"Group 2","np":1,"cix":2,"bm":0,"ix":1,"mn":"ADBE Vector Group","hd":false},{"ty":"tr","p":{"a":1,"k":[{"i":{"x":0.833,"y":0.833},"o":{"x":0.167,"y":0.167},"t":12.001,"s":[401.938,-38.563],"to":[-4.5,0],"ti":[16.5,0]},{"i":{"x":0.833,"y":0.833},"o":{"x":0.167,"y":0.167},"t":22,"s":[374.938,-38.563],"to":[-16.5,0],"ti":[12,0]},{"t":36.0000014663101,"s":[302.938,-38.563]}],"ix":2},"a":{"a":0,"k":[303.688,-38.563],"ix":1},"s":{"a":0,"k":[100,100],"ix":3},"r":{"a":0,"k":0,"ix":6},"o":{"a":0,"k":100,"ix":7},"sk":{"a":0,"k":0,"ix":4},"sa":{"a":0,"k":0,"ix":5},"nm":"Transform"}],"nm":"Group 1","np":1,"cix":2,"bm":0,"ix":1,"mn":"ADBE Vector Group","hd":false}],"ip":0,"op":22.0000008960784,"st":0,"bm":0},{"ddd":0,"ind":7,"ty":4,"nm":"Shape Layer 3","sr":1,"ks":{"o":{"a":0,"k":100,"ix":11},"r":{"a":0,"k":0,"ix":10},"p":{"a":0,"k":[152.401,137.498,0],"ix":2,"x":"var $bm_rt;\n$bm_rt = thisComp.layer('body').transform.position;","l":2},"a":{"a":0,"k":[-218.349,-13.002,0],"ix":1,"l":2},"s":{"a":0,"k":[100,100,100],"ix":6,"l":2}},"ao":0,"shapes":[{"ty":"gr","it":[{"ind":0,"ty":"sh","ix":1,"ks":{"a":1,"k":[{"i":{"x":0.833,"y":0.833},"o":{"x":0.167,"y":0.167},"t":8,"s":[{"i":[[6,0.25],[-1,-8.25],[-7.042,0],[-1.402,7.573]],"o":[[-4.996,-0.208],[0.907,7.483],[7.042,0],[1.25,-6.75]],"v":[[-0.25,-12],[-12.25,2.75],[0,13],[12,2.75]],"c":true}]},{"i":{"x":0.833,"y":0.833},"o":{"x":0.167,"y":0.167},"t":22,"s":[{"i":[[8.545,2.123],[-5.33,-3.502],[-2.955,3.373],[3.836,2.945]],"o":[[-0.955,9.623],[6.299,4.139],[4.166,-4.756],[-7.33,-5.627]],"v":[[-10.125,-13.5],[-3.75,8.375],[12,7.75],[11.875,-9.375]],"c":true}]},{"t":36.0000014663101,"s":[{"i":[[6,0.25],[-1,-8.25],[-7.042,0],[-1.402,7.573]],"o":[[-4.996,-0.208],[0.907,7.483],[7.042,0],[1.25,-6.75]],"v":[[-0.25,-12],[-12.25,2.75],[0,13],[12,2.75]],"c":true}]}],"ix":2},"nm":"Path 1","mn":"ADBE Vector Shape - Group","hd":false},{"ty":"st","c":{"a":0,"k":[1,1,1,1],"ix":3},"o":{"a":0,"k":100,"ix":4},"w":{"a":0,"k":1,"ix":5},"lc":1,"lj":1,"ml":4,"bm":0,"nm":"Stroke 1","mn":"ADBE Vector Graphic - Stroke","hd":true},{"ty":"fl","c":{"a":0,"k":[0.917647058824,0.917647058824,0.917647058824,1],"ix":4},"o":{"a":0,"k":100,"ix":5},"r":1,"bm":0,"nm":"Fill 1","mn":"ADBE Vector Graphic - Fill","hd":false},{"ty":"tr","p":{"a":1,"k":[{"i":{"x":0.833,"y":0.833},"o":{"x":0.167,"y":0.167},"t":8,"s":[-218.25,-13.5],"to":[-15.083,-0.042],"ti":[0,0]},{"i":{"x":0.833,"y":0.833},"o":{"x":0.167,"y":0.167},"t":22,"s":[-308.75,-13.75],"to":[0,0],"ti":[-15.083,-0.042]},{"t":36.0000014663101,"s":[-218.25,-13.5]}],"ix":2},"a":{"a":0,"k":[0,0],"ix":1},"s":{"a":0,"k":[100,100],"ix":3},"r":{"a":0,"k":0,"ix":6},"o":{"a":0,"k":100,"ix":7},"sk":{"a":0,"k":0,"ix":4},"sa":{"a":0,"k":0,"ix":5},"nm":"Transform"}],"nm":"Ellipse 2","np":3,"cix":2,"bm":0,"ix":1,"mn":"ADBE Vector Group","hd":false}],"ip":22.0000008960784,"op":45.0000018328876,"st":0,"bm":0}]}],"layers":[{"ddd":0,"ind":1,"ty":0,"nm":"round","refId":"comp_0","sr":1,"ks":{"o":{"a":0,"k":100,"ix":11},"r":{"a":0,"k":0,"ix":10},"p":{"a":0,"k":[300,150,0],"ix":2,"l":2},"a":{"a":0,"k":[300,150,0],"ix":1,"l":2},"s":{"a":0,"k":[100,100,100],"ix":6,"l":2}},"ao":0,"w":600,"h":300,"ip":0,"op":45.0000018328876,"st":0,"bm":0},{"ddd":0,"ind":2,"ty":0,"nm":"ham","refId":"comp_1","sr":1,"ks":{"o":{"a":0,"k":100,"ix":11},"r":{"a":0,"k":0,"ix":10},"p":{"a":0,"k":[300,150,0],"ix":2,"l":2},"a":{"a":0,"k":[300,150,0],"ix":1,"l":2},"s":{"a":0,"k":[100,100,100],"ix":6,"l":2}},"ao":0,"w":600,"h":300,"ip":0,"op":45.0000018328876,"st":0,"bm":0},{"ddd":0,"ind":3,"ty":4,"nm":"Shape Layer 10","sr":1,"ks":{"o":{"a":0,"k":100,"ix":11},"r":{"a":0,"k":-45,"ix":10},"p":{"a":1,"k":[{"i":{"x":0.833,"y":0.833},"o":{"x":0.167,"y":0.167},"t":8,"s":[448,132.5,0],"to":[-47.5,0,0],"ti":[47.5,0,0]},{"t":36.0000014663101,"s":[163,132.5,0]}],"ix":2,"l":2},"a":{"a":0,"k":[-144.5,-30.5,0],"ix":1,"l":2},"s":{"a":0,"k":[149.845,149.845,100],"ix":6,"l":2}},"ao":0,"shapes":[{"ty":"gr","it":[{"ind":0,"ty":"sh","ix":1,"ks":{"a":1,"k":[{"i":{"x":0.833,"y":0.833},"o":{"x":0.167,"y":0.167},"t":8,"s":[{"i":[[16.845,0],[0,-16.845],[-16.845,0],[0.879,22.71]],"o":[[-16.845,0],[0,16.845],[16.845,0],[-0.978,-25.279]],"v":[[0,-30.5],[-30.5,0],[0,30.5],[-9.982,0.884]],"c":true}]},{"t":36.0000014663101,"s":[{"i":[[16.845,0],[0,-16.845],[-16.845,0],[0,16.845]],"o":[[-16.845,0],[0,16.845],[16.845,0],[0,-16.845]],"v":[[0,-30.5],[-30.5,0],[0,30.5],[30.5,0]],"c":true}]}],"ix":2},"nm":"Path 1","mn":"ADBE Vector Shape - Group","hd":false},{"ty":"st","c":{"a":0,"k":[1,0.515563964844,0.450958251953,1],"ix":3},"o":{"a":0,"k":100,"ix":4},"w":{"a":0,"k":1,"ix":5},"lc":1,"lj":1,"ml":4,"bm":0,"nm":"Stroke 1","mn":"ADBE Vector Graphic - Stroke","hd":true},{"ty":"fl","c":{"a":1,"k":[{"i":{"x":[0.833],"y":[0.833]},"o":{"x":[0.167],"y":[0.167]},"t":8,"s":[1,0.969642460346,0.631372570992,1]},{"t":36.0000014663101,"s":[1,1,1,1]}],"ix":4},"o":{"a":0,"k":100,"ix":5},"r":1,"bm":0,"nm":"Fill 1","mn":"ADBE Vector Graphic - Fill","hd":false},{"ty":"tr","p":{"a":0,"k":[-144.5,-30.5],"ix":2},"a":{"a":0,"k":[0,0],"ix":1},"s":{"a":0,"k":[100,100],"ix":3},"r":{"a":0,"k":0,"ix":6},"o":{"a":0,"k":100,"ix":7},"sk":{"a":0,"k":0,"ix":4},"sa":{"a":0,"k":0,"ix":5},"nm":"Transform"}],"nm":"Ellipse 1","np":3,"cix":2,"bm":0,"ix":1,"mn":"ADBE Vector Group","hd":false}],"ip":0,"op":45.0000018328876,"st":0,"bm":0},{"ddd":0,"ind":4,"ty":4,"nm":"back","sr":1,"ks":{"o":{"a":0,"k":100,"ix":11},"r":{"a":0,"k":0,"ix":10},"p":{"a":0,"k":[306.752,150,0],"ix":2,"l":2},"a":{"a":0,"k":[-60.5,-12,0],"ix":1,"l":2},"s":{"a":0,"k":[-762.265,762.265,100],"ix":6,"l":2}},"ao":0,"shapes":[{"ty":"gr","it":[{"ty":"st","c":{"a":0,"k":[1,1,1,1],"ix":3},"o":{"a":0,"k":100,"ix":4},"w":{"a":0,"k":1,"ix":5},"lc":1,"lj":1,"ml":4,"bm":0,"nm":"Stroke 1","mn":"ADBE Vector Graphic - Stroke","hd":true},{"ty":"fl","c":{"a":0,"k":[1,0.988235294118,0.666666606828,1],"ix":4},"o":{"a":0,"k":100,"ix":5},"r":1,"bm":0,"nm":"Fill 1","mn":"ADBE Vector Graphic - Fill","hd":false},{"ty":"tr","p":{"a":0,"k":[-38.624,-16.329],"ix":2},"a":{"a":0,"k":[0,0],"ix":1},"s":{"a":0,"k":[82.442,82.442],"ix":3},"r":{"a":0,"k":0,"ix":6},"o":{"a":0,"k":100,"ix":7},"sk":{"a":0,"k":0,"ix":4},"sa":{"a":0,"k":0,"ix":5},"nm":"Transform"}],"nm":"Ellipse 1","np":2,"cix":2,"bm":0,"ix":1,"mn":"ADBE Vector Group","hd":false},{"ty":"gr","it":[{"ind":0,"ty":"sh","ix":1,"ks":{"a":0,"k":{"i":[[7.732,0],[0,0],[0,-7.732],[-7.732,0],[0,0],[0,7.732]],"o":[[0,0],[-7.732,0],[0,7.732],[0,0],[7.732,0],[0,-7.732]],"v":[[19.5,-14],[-19.5,-14],[-33.5,0],[-19.5,14],[19.5,14],[33.5,0]],"c":true},"ix":2},"nm":"Path 1","mn":"ADBE Vector Shape - Group","hd":false},{"ty":"st","c":{"a":0,"k":[1,1,1,1],"ix":3},"o":{"a":0,"k":100,"ix":4},"w":{"a":0,"k":1,"ix":5},"lc":1,"lj":1,"ml":4,"bm":0,"nm":"Stroke 1","mn":"ADBE Vector Graphic - Stroke","hd":true},{"ty":"fl","c":{"a":1,"k":[{"i":{"x":[0.833],"y":[0.833]},"o":{"x":[0.167],"y":[0.167]},"t":12.185,"s":[0,0.105190299539,0.298039215686,1]},{"i":{"x":[0.833],"y":[0.833]},"o":{"x":[0.167],"y":[0.167]},"t":14.623,"s":[0.629884302616,0.418623626232,0.654901981354,1]},{"t":17.0000006924242,"s":[1,0.731118798256,0.51372551918,1]}],"ix":4},"o":{"a":0,"k":100,"ix":5},"r":1,"bm":0,"nm":"Fill 1","mn":"ADBE Vector Graphic - Fill","hd":false},{"ty":"tr","p":{"a":0,"k":[-60.5,-12],"ix":2},"a":{"a":0,"k":[0,0],"ix":1},"s":{"a":0,"k":[100,100],"ix":3},"r":{"a":0,"k":0,"ix":6},"o":{"a":0,"k":100,"ix":7},"sk":{"a":0,"k":0,"ix":4},"sa":{"a":0,"k":0,"ix":5},"nm":"Transform"}],"nm":"Rectangle 1","np":3,"cix":2,"bm":0,"ix":2,"mn":"ADBE Vector Group","hd":false},{"ty":"gr","it":[{"ty":"fl","c":{"a":0,"k":[1,0.976655125618,0.819607853889,1],"ix":4},"o":{"a":0,"k":100,"ix":5},"r":1,"bm":0,"nm":"Fill 1","mn":"ADBE Vector Graphic - Fill","hd":false},{"ty":"tr","p":{"a":0,"k":[0,0],"ix":2},"a":{"a":0,"k":[0,0],"ix":1},"s":{"a":0,"k":[100,100],"ix":3},"r":{"a":0,"k":0,"ix":6},"o":{"a":0,"k":100,"ix":7},"sk":{"a":0,"k":0,"ix":4},"sa":{"a":0,"k":0,"ix":5},"nm":"Transform"}],"nm":"Group 1","np":1,"cix":2,"bm":0,"ix":3,"mn":"ADBE Vector Group","hd":false}],"ip":0,"op":45.0000018328876,"st":0,"bm":0}],"markers":[]}