{
  "v": "5.1.1",
  "fr": 60,
  "ip": 0,
  "op": 180,
  "w": 256,
  "h": 256,
  "nm": "day_fog",
  "ddd": 0,
  "assets": [
    {
      "id": "comp_0",
      "layers": [
        {
          "ddd": 0,
          "ind": 1,
          "ty": 4,
          "nm": "Oval 4",
          "sr": 1,
          "ks": {
            "o": {
              "a": 0,
              "k": 100,
              "ix": 11
            },
            "r": {
              "a": 0,
              "k": 0,
              "ix": 10
            },
            "p": {
              "a": 0,
              "k": [
                0,
                0,
                0
              ],
              "ix": 2
            },
            "a": {
              "a": 0,
              "k": [
                0,
                0,
                0
              ],
              "ix": 1
            },
            "s": {
              "a": 0,
              "k": [
                100,
                100,
                100
              ],
              "ix": 6
            }
          },
          "ao": 0,
          "shapes": [
            {
              "ty": "gr",
              "it": [
                {
                  "ind": 0,
                  "ty": "sh",
                  "ix": 1,
                  "ks": {
                    "a": 0,
                    "k": {
                      "i": [
                        [
                          0,
                          0
                        ],
                        [
                          0,
                          0
                        ],
                        [
                          0,
                          20.05
                        ],
                        [
                          -20.06,
                          0
                        ],
                        [
                          -5.02,
                          -2.62
                        ],
                        [
                          -22.64,
                          0
                        ],
                        [
                          0,
                          -28.54
                        ],
                        [
                          0.02,
                          -0.58
                        ],
                        [
                          0,
                          -10.12
                        ],
                        [
                          14.65,
                          0
                        ],
                        [
                          0,
                          0
                        ],
                        [
                          0,
                          0
                        ],
                        [
                          0,
                          0
                        ]
                      ],
                      "o": [
                        [
                          0,
                          0
                        ],
                        [
                          -20.06,
                          0
                        ],
                        [
                          0,
                          -20.05
                        ],
                        [
                          6.05,
                          0
                        ],
                        [
                          6.99,
                          -20.26
                        ],
                        [
                          28.53,
                          0
                        ],
                        [
                          0,
                          0.58
                        ],
                        [
                          8.33,
                          4.48
                        ],
                        [
                          0,
                          14.65
                        ],
                        [
                          0,
                          0
                        ],
                        [
                          -0.08,
                          0
                        ],
                        [
                          0,
                          0
                        ],
                        [
                          0,
                          0
                        ]
                      ],
                      "v": [
                        [
                          101.39,
                          103.33
                        ],
                        [
                          36.31,
                          103.33
                        ],
                        [
                          0,
                          67.03
                        ],
                        [
                          36.31,
                          30.72
                        ],
                        [
                          53.08,
                          34.82
                        ],
                        [
                          101.94,
                          0
                        ],
                        [
                          153.6,
                          51.67
                        ],
                        [
                          153.57,
                          53.41
                        ],
                        [
                          167.57,
                          76.8
                        ],
                        [
                          141.04,
                          103.33
                        ],
                        [
                          101.94,
                          103.33
                        ],
                        [
                          101.39,
                          103.33
                        ],
                        [
                          101.94,
                          103.33
                        ]
                      ],
                      "c": true
                    },
                    "ix": 2
                  },
                  "nm": "Path 1",
                  "mn": "ADBE Vector Shape - Group",
                  "hd": false
                },
                {
                  "ty": "fl",
                  "c": {
                    "a": 0,
                    "k": [
                      0.909803986549,
                      0.909803986549,
                      0.909803986549,
                      1
                    ],
                    "ix": 4
                  },
                  "o": {
                    "a": 0,
                    "k": 100,
                    "ix": 5
                  },
                  "r": 1,
                  "nm": "Fill 1",
                  "mn": "ADBE Vector Graphic - Fill",
                  "hd": false
                },
                {
                  "ty": "tr",
                  "p": {
                    "a": 0,
                    "k": [
                      0,
                      0
                    ],
                    "ix": 2
                  },
                  "a": {
                    "a": 0,
                    "k": [
                      0,
                      0
                    ],
                    "ix": 1
                  },
                  "s": {
                    "a": 0,
                    "k": [
                      100,
                      100
                    ],
                    "ix": 3
                  },
                  "r": {
                    "a": 0,
                    "k": 0,
                    "ix": 6
                  },
                  "o": {
                    "a": 0,
                    "k": 100,
                    "ix": 7
                  },
                  "sk": {
                    "a": 0,
                    "k": 0,
                    "ix": 4
                  },
                  "sa": {
                    "a": 0,
                    "k": 0,
                    "ix": 5
                  },
                  "nm": "Transform"
                }
              ],
              "nm": "Group 1",
              "np": 2,
              "cix": 2,
              "ix": 1,
              "mn": "ADBE Vector Group",
              "hd": false
            }
          ],
          "ip": 0,
          "op": 2102.1021021021,
          "st": 0,
          "bm": 0
        }
      ]
    },
    {
      "id": "comp_1",
      "layers": [
        {
          "ddd": 0,
          "ind": 1,
          "ty": 4,
          "nm": "sun_1",
          "sr": 1,
          "ks": {
            "o": {
              "a": 0,
              "k": 100,
              "ix": 11
            },
            "r": {
              "a": 0,
              "k": 0,
              "ix": 10
            },
            "p": {
              "a": 0,
              "k": [
                83.897,
                66.065,
                0
              ],
              "ix": 2
            },
            "a": {
              "a": 0,
              "k": [
                0,
                0,
                0
              ],
              "ix": 1
            },
            "s": {
              "a": 1,
              "k": [
                {
                  "i": {
                    "x": [
                      0.833,
                      0.833,
                      0.833
                    ],
                    "y": [
                      0.833,
                      0.833,
                      0.833
                    ]
                  },
                  "o": {
                    "x": [
                      0.167,
                      0.167,
                      0.167
                    ],
                    "y": [
                      0.167,
                      0.167,
                      0.167
                    ]
                  },
                  "n": [
                    "0p833_0p833_0p167_0p167",
                    "0p833_0p833_0p167_0p167",
                    "0p833_0p833_0p167_0p167"
                  ],
                  "t": 0,
                  "s": [
                    105,
                    105,
                    100
                  ],
                  "e": [
                    108,
                    108,
                    100
                  ]
                },
                {
                  "i": {
                    "x": [
                      0.833,
                      0.833,
                      0.833
                    ],
                    "y": [
                      0.833,
                      0.833,
                      0.833
                    ]
                  },
                  "o": {
                    "x": [
                      0.167,
                      0.167,
                      0.167
                    ],
                    "y": [
                      0.167,
                      0.167,
                      0.167
                    ]
                  },
                  "n": [
                    "0p833_0p833_0p167_0p167",
                    "0p833_0p833_0p167_0p167",
                    "0p833_0p833_0p167_0p167"
                  ],
                  "t": 45,
                  "s": [
                    108,
                    108,
                    100
                  ],
                  "e": [
                    105,
                    105,
                    100
                  ]
                },
                {
                  "i": {
                    "x": [
                      0.833,
                      0.833,
                      0.833
                    ],
                    "y": [
                      0.833,
                      0.833,
                      0.833
                    ]
                  },
                  "o": {
                    "x": [
                      0.167,
                      0.167,
                      0.167
                    ],
                    "y": [
                      0.167,
                      0.167,
                      0.167
                    ]
                  },
                  "n": [
                    "0p833_0p833_0p167_0p167",
                    "0p833_0p833_0p167_0p167",
                    "0p833_0p833_0p167_0p167"
                  ],
                  "t": 90,
                  "s": [
                    105,
                    105,
                    100
                  ],
                  "e": [
                    108,
                    108,
                    100
                  ]
                },
                {
                  "i": {
                    "x": [
                      0.833,
                      0.833,
                      0.833
                    ],
                    "y": [
                      0.833,
                      0.833,
                      0.833
                    ]
                  },
                  "o": {
                    "x": [
                      0.167,
                      0.167,
                      0.167
                    ],
                    "y": [
                      0.167,
                      0.167,
                      0.167
                    ]
                  },
                  "n": [
                    "0p833_0p833_0p167_0p167",
                    "0p833_0p833_0p167_0p167",
                    "0p833_0p833_0p167_0p167"
                  ],
                  "t": 136,
                  "s": [
                    108,
                    108,
                    100
                  ],
                  "e": [
                    105,
                    105,
                    100
                  ]
                },
                {
                  "t": 179
                }
              ],
              "ix": 6
            }
          },
          "ao": 0,
          "shapes": [
            {
              "ty": "gr",
              "it": [
                {
                  "d": 1,
                  "ty": "el",
                  "s": {
                    "a": 0,
                    "k": [
                      81.3,
                      80.15
                    ],
                    "ix": 2
                  },
                  "p": {
                    "a": 0,
                    "k": [
                      0,
                      0
                    ],
                    "ix": 3
                  },
                  "nm": "Ellipse Path 1",
                  "mn": "ADBE Vector Shape - Ellipse",
                  "hd": false
                },
                {
                  "ty": "fl",
                  "c": {
                    "a": 0,
                    "k": [
                      1,
                      0.788235008717,
                      0.188234999776,
                      1
                    ],
                    "ix": 4
                  },
                  "o": {
                    "a": 0,
                    "k": 100,
                    "ix": 5
                  },
                  "r": 1,
                  "nm": "Fill 1",
                  "mn": "ADBE Vector Graphic - Fill",
                  "hd": false
                },
                {
                  "ty": "tr",
                  "p": {
                    "a": 0,
                    "k": [
                      0,
                      0
                    ],
                    "ix": 2
                  },
                  "a": {
                    "a": 0,
                    "k": [
                      0,
                      0
                    ],
                    "ix": 1
                  },
                  "s": {
                    "a": 0,
                    "k": [
                      100,
                      100
                    ],
                    "ix": 3
                  },
                  "r": {
                    "a": 0,
                    "k": 0,
                    "ix": 6
                  },
                  "o": {
                    "a": 0,
                    "k": 100,
                    "ix": 7
                  },
                  "sk": {
                    "a": 0,
                    "k": 0,
                    "ix": 4
                  },
                  "sa": {
                    "a": 0,
                    "k": 0,
                    "ix": 5
                  },
                  "nm": "Transform"
                }
              ],
              "nm": "Oval",
              "np": 2,
              "cix": 2,
              "ix": 1,
              "mn": "ADBE Vector Group",
              "hd": false
            }
          ],
          "ip": 0,
          "op": 180,
          "st": 0,
          "bm": 0
        },
        {
          "ddd": 0,
          "ind": 2,
          "ty": 4,
          "nm": "sun_2",
          "sr": 1,
          "ks": {
            "o": {
              "a": 0,
              "k": 100,
              "ix": 11
            },
            "r": {
              "a": 0,
              "k": 0,
              "ix": 10
            },
            "p": {
              "a": 0,
              "k": [
                83.887,
                66.065,
                0
              ],
              "ix": 2
            },
            "a": {
              "a": 0,
              "k": [
                0,
                0,
                0
              ],
              "ix": 1
            },
            "s": {
              "a": 1,
              "k": [
                {
                  "i": {
                    "x": [
                      0.833,
                      0.833,
                      0.833
                    ],
                    "y": [
                      0.833,
                      0.833,
                      0.833
                    ]
                  },
                  "o": {
                    "x": [
                      0.167,
                      0.167,
                      0.167
                    ],
                    "y": [
                      0.167,
                      0.167,
                      0.167
                    ]
                  },
                  "n": [
                    "0p833_0p833_0p167_0p167",
                    "0p833_0p833_0p167_0p167",
                    "0p833_0p833_0p167_0p167"
                  ],
                  "t": 0,
                  "s": [
                    100,
                    100,
                    100
                  ],
                  "e": [
                    103,
                    103,
                    100
                  ]
                },
                {
                  "i": {
                    "x": [
                      0.833,
                      0.833,
                      0.833
                    ],
                    "y": [
                      0.833,
                      0.833,
                      0.833
                    ]
                  },
                  "o": {
                    "x": [
                      0.167,
                      0.167,
                      0.167
                    ],
                    "y": [
                      0.167,
                      0.167,
                      0.167
                    ]
                  },
                  "n": [
                    "0p833_0p833_0p167_0p167",
                    "0p833_0p833_0p167_0p167",
                    "0p833_0p833_0p167_0p167"
                  ],
                  "t": 52,
                  "s": [
                    103,
                    103,
                    100
                  ],
                  "e": [
                    100,
                    100,
                    100
                  ]
                },
                {
                  "i": {
                    "x": [
                      0.833,
                      0.833,
                      0.833
                    ],
                    "y": [
                      0.833,
                      0.833,
                      0.833
                    ]
                  },
                  "o": {
                    "x": [
                      0.167,
                      0.167,
                      0.167
                    ],
                    "y": [
                      0.167,
                      0.167,
                      0.167
                    ]
                  },
                  "n": [
                    "0p833_0p833_0p167_0p167",
                    "0p833_0p833_0p167_0p167",
                    "0p833_0p833_0p167_0p167"
                  ],
                  "t": 98,
                  "s": [
                    100,
                    100,
                    100
                  ],
                  "e": [
                    103,
                    103,
                    100
                  ]
                },
                {
                  "i": {
                    "x": [
                      0.833,
                      0.833,
                      0.833
                    ],
                    "y": [
                      0.833,
                      0.833,
                      0.833
                    ]
                  },
                  "o": {
                    "x": [
                      0.167,
                      0.167,
                      0.167
                    ],
                    "y": [
                      0.167,
                      0.167,
                      0.167
                    ]
                  },
                  "n": [
                    "0p833_0p833_0p167_0p167",
                    "0p833_0p833_0p167_0p167",
                    "0p833_0p833_0p167_0p167"
                  ],
                  "t": 144,
                  "s": [
                    103,
                    103,
                    100
                  ],
                  "e": [
                    100,
                    100,
                    100
                  ]
                },
                {
                  "t": 179
                }
              ],
              "ix": 6
            }
          },
          "ao": 0,
          "shapes": [
            {
              "ty": "gr",
              "it": [
                {
                  "d": 1,
                  "ty": "el",
                  "s": {
                    "a": 0,
                    "k": [
                      95.7,
                      94.35
                    ],
                    "ix": 2
                  },
                  "p": {
                    "a": 0,
                    "k": [
                      0,
                      0
                    ],
                    "ix": 3
                  },
                  "nm": "Ellipse Path 1",
                  "mn": "ADBE Vector Shape - Ellipse",
                  "hd": false
                },
                {
                  "ty": "st",
                  "c": {
                    "a": 0,
                    "k": [
                      1,
                      0.858824014664,
                      0.466666996479,
                      1
                    ],
                    "ix": 3
                  },
                  "o": {
                    "a": 0,
                    "k": 100,
                    "ix": 4
                  },
                  "w": {
                    "a": 0,
                    "k": 4,
                    "ix": 5
                  },
                  "lc": 1,
                  "lj": 1,
                  "ml": 4,
                  "nm": "Stroke 1",
                  "mn": "ADBE Vector Graphic - Stroke",
                  "hd": false
                },
                {
                  "ty": "tr",
                  "p": {
                    "a": 0,
                    "k": [
                      0,
                      0
                    ],
                    "ix": 2
                  },
                  "a": {
                    "a": 0,
                    "k": [
                      0,
                      0
                    ],
                    "ix": 1
                  },
                  "s": {
                    "a": 0,
                    "k": [
                      100,
                      100
                    ],
                    "ix": 3
                  },
                  "r": {
                    "a": 0,
                    "k": 0,
                    "ix": 6
                  },
                  "o": {
                    "a": 0,
                    "k": 100,
                    "ix": 7
                  },
                  "sk": {
                    "a": 0,
                    "k": 0,
                    "ix": 4
                  },
                  "sa": {
                    "a": 0,
                    "k": 0,
                    "ix": 5
                  },
                  "nm": "Transform"
                }
              ],
              "nm": "Oval",
              "np": 2,
              "cix": 2,
              "ix": 1,
              "mn": "ADBE Vector Group",
              "hd": false
            }
          ],
          "ip": 0,
          "op": 180,
          "st": 0,
          "bm": 0
        },
        {
          "ddd": 0,
          "ind": 3,
          "ty": 4,
          "nm": "sun_3",
          "sr": 1,
          "ks": {
            "o": {
              "a": 0,
              "k": 100,
              "ix": 11
            },
            "r": {
              "a": 0,
              "k": 0,
              "ix": 10
            },
            "p": {
              "a": 0,
              "k": [
                83.892,
                66.065,
                0
              ],
              "ix": 2
            },
            "a": {
              "a": 0,
              "k": [
                0,
                0,
                0
              ],
              "ix": 1
            },
            "s": {
              "a": 1,
              "k": [
                {
                  "i": {
                    "x": [
                      0.833,
                      0.833,
                      0.833
                    ],
                    "y": [
                      0.833,
                      0.833,
                      0.833
                    ]
                  },
                  "o": {
                    "x": [
                      0.167,
                      0.167,
                      0.167
                    ],
                    "y": [
                      0.167,
                      0.167,
                      0.167
                    ]
                  },
                  "n": [
                    "0p833_0p833_0p167_0p167",
                    "0p833_0p833_0p167_0p167",
                    "0p833_0p833_0p167_0p167"
                  ],
                  "t": 0,
                  "s": [
                    100,
                    100,
                    100
                  ],
                  "e": [
                    103,
                    103,
                    100
                  ]
                },
                {
                  "i": {
                    "x": [
                      0.833,
                      0.833,
                      0.833
                    ],
                    "y": [
                      0.833,
                      0.833,
                      0.833
                    ]
                  },
                  "o": {
                    "x": [
                      0.167,
                      0.167,
                      0.167
                    ],
                    "y": [
                      0.167,
                      0.167,
                      0.167
                    ]
                  },
                  "n": [
                    "0p833_0p833_0p167_0p167",
                    "0p833_0p833_0p167_0p167",
                    "0p833_0p833_0p167_0p167"
                  ],
                  "t": 60,
                  "s": [
                    103,
                    103,
                    100
                  ],
                  "e": [
                    100,
                    100,
                    100
                  ]
                },
                {
                  "i": {
                    "x": [
                      0.833,
                      0.833,
                      0.833
                    ],
                    "y": [
                      0.833,
                      0.833,
                      0.833
                    ]
                  },
                  "o": {
                    "x": [
                      0.167,
                      0.167,
                      0.167
                    ],
                    "y": [
                      0.167,
                      0.167,
                      0.167
                    ]
                  },
                  "n": [
                    "0p833_0p833_0p167_0p167",
                    "0p833_0p833_0p167_0p167",
                    "0p833_0p833_0p167_0p167"
                  ],
                  "t": 106,
                  "s": [
                    100,
                    100,
                    100
                  ],
                  "e": [
                    103,
                    103,
                    100
                  ]
                },
                {
                  "i": {
                    "x": [
                      0.833,
                      0.833,
                      0.833
                    ],
                    "y": [
                      0.833,
                      0.833,
                      0.833
                    ]
                  },
                  "o": {
                    "x": [
                      0.167,
                      0.167,
                      0.167
                    ],
                    "y": [
                      0.167,
                      0.167,
                      0.167
                    ]
                  },
                  "n": [
                    "0p833_0p833_0p167_0p167",
                    "0p833_0p833_0p167_0p167",
                    "0p833_0p833_0p167_0p167"
                  ],
                  "t": 152,
                  "s": [
                    103,
                    103,
                    100
                  ],
                  "e": [
                    100,
                    100,
                    100
                  ]
                },
                {
                  "t": 179
                }
              ],
              "ix": 6
            }
          },
          "ao": 0,
          "shapes": [
            {
              "ty": "gr",
              "it": [
                {
                  "d": 1,
                  "ty": "el",
                  "s": {
                    "a": 0,
                    "k": [
                      108.05,
                      106.53
                    ],
                    "ix": 2
                  },
                  "p": {
                    "a": 0,
                    "k": [
                      0,
                      0
                    ],
                    "ix": 3
                  },
                  "nm": "Ellipse Path 1",
                  "mn": "ADBE Vector Shape - Ellipse",
                  "hd": false
                },
                {
                  "ty": "st",
                  "c": {
                    "a": 0,
                    "k": [
                      1,
                      0.96078401804,
                      0.854902029037,
                      1
                    ],
                    "ix": 3
                  },
                  "o": {
                    "a": 0,
                    "k": 100,
                    "ix": 4
                  },
                  "w": {
                    "a": 0,
                    "k": 3,
                    "ix": 5
                  },
                  "lc": 1,
                  "lj": 1,
                  "ml": 4,
                  "nm": "Stroke 1",
                  "mn": "ADBE Vector Graphic - Stroke",
                  "hd": false
                },
                {
                  "ty": "tr",
                  "p": {
                    "a": 0,
                    "k": [
                      0,
                      0
                    ],
                    "ix": 2
                  },
                  "a": {
                    "a": 0,
                    "k": [
                      0,
                      0
                    ],
                    "ix": 1
                  },
                  "s": {
                    "a": 0,
                    "k": [
                      100,
                      100
                    ],
                    "ix": 3
                  },
                  "r": {
                    "a": 0,
                    "k": 0,
                    "ix": 6
                  },
                  "o": {
                    "a": 0,
                    "k": 100,
                    "ix": 7
                  },
                  "sk": {
                    "a": 0,
                    "k": 0,
                    "ix": 4
                  },
                  "sa": {
                    "a": 0,
                    "k": 0,
                    "ix": 5
                  },
                  "nm": "Transform"
                }
              ],
              "nm": "Oval",
              "np": 2,
              "cix": 2,
              "ix": 1,
              "mn": "ADBE Vector Group",
              "hd": false
            }
          ],
          "ip": 0,
          "op": 180,
          "st": 0,
          "bm": 0
        }
      ]
    }
  ],
  "layers": [
    {
      "ddd": 0,
      "ind": 1,
      "ty": 0,
      "nm": "cloud 2",
      "refId": "comp_0",
      "sr": 1,
      "ks": {
        "o": {
          "a": 0,
          "k": 100,
          "ix": 11
        },
        "r": {
          "a": 0,
          "k": 0,
          "ix": 10
        },
        "p": {
          "a": 1,
          "k": [
            {
              "i": {
                "x": 0.833,
                "y": 0.833
              },
              "o": {
                "x": 0.167,
                "y": 0.167
              },
              "n": "0p833_0p833_0p167_0p167",
              "t": 0,
              "s": [
                139.132,
                123.47,
                0
              ],
              "e": [
                141.132,
                123.47,
                0
              ],
              "to": [
                0.33333334326744,
                0,
                0
              ],
              "ti": [
                0,
                0,
                0
              ]
            },
            {
              "i": {
                "x": 0.833,
                "y": 0.833
              },
              "o": {
                "x": 0.167,
                "y": 0.167
              },
              "n": "0p833_0p833_0p167_0p167",
              "t": 45,
              "s": [
                141.132,
                123.47,
                0
              ],
              "e": [
                139.132,
                123.47,
                0
              ],
              "to": [
                0,
                0,
                0
              ],
              "ti": [
                0,
                0,
                0
              ]
            },
            {
              "i": {
                "x": 0.833,
                "y": 0.833
              },
              "o": {
                "x": 0.167,
                "y": 0.167
              },
              "n": "0p833_0p833_0p167_0p167",
              "t": 90,
              "s": [
                139.132,
                123.47,
                0
              ],
              "e": [
                141.132,
                123.47,
                0
              ],
              "to": [
                0,
                0,
                0
              ],
              "ti": [
                0,
                0,
                0
              ]
            },
            {
              "i": {
                "x": 0.833,
                "y": 0.833
              },
              "o": {
                "x": 0.167,
                "y": 0.167
              },
              "n": "0p833_0p833_0p167_0p167",
              "t": 135,
              "s": [
                141.132,
                123.47,
                0
              ],
              "e": [
                139.132,
                123.47,
                0
              ],
              "to": [
                0,
                0,
                0
              ],
              "ti": [
                0.33333334326744,
                0,
                0
              ]
            },
            {
              "t": 180
            }
          ],
          "ix": 2
        },
        "a": {
          "a": 0,
          "k": [
            84,
            52,
            0
          ],
          "ix": 1
        },
        "s": {
          "a": 0,
          "k": [
            102.363,
            102.365,
            100
          ],
          "ix": 6
        }
      },
      "ao": 0,
      "w": 168,
      "h": 104,
      "ip": 0,
      "op": 2102.1015625,
      "st": 0,
      "bm": 0
    },
    {
      "ddd": 0,
      "ind": 2,
      "ty": 0,
      "nm": "sun",
      "refId": "comp_1",
      "sr": 1,
      "ks": {
        "o": {
          "a": 0,
          "k": 100,
          "ix": 11
        },
        "r": {
          "a": 0,
          "k": 0,
          "ix": 10
        },
        "p": {
          "a": 0,
          "k": [
            128,
            148,
            0
          ],
          "ix": 2
        },
        "a": {
          "a": 0,
          "k": [
            128,
            128,
            0
          ],
          "ix": 1
        },
        "s": {
          "a": 0,
          "k": [
            100,
            100,
            100
          ],
          "ix": 6
        }
      },
      "ao": 0,
      "w": 256,
      "h": 256,
      "ip": 0,
      "op": 180,
      "st": 0,
      "bm": 0
    },
    {
      "ddd": 0,
      "ind": 3,
      "ty": 4,
      "nm": "mist",
      "sr": 1,
      "ks": {
        "o": {
          "a": 0,
          "k": 100,
          "ix": 11
        },
        "r": {
          "a": 0,
          "k": 0,
          "ix": 10
        },
        "p": {
          "a": 1,
          "k": [
            {
              "i": {
                "x": 0.833,
                "y": 0.833
              },
              "o": {
                "x": 0.333,
                "y": 0
              },
              "n": "0p833_0p833_0p333_0",
              "t": 0,
              "s": [
                149,
                218,
                0
              ],
              "e": [
                159,
                218,
                0
              ],
              "to": [
                1.66666662693024,
                0,
                0
              ],
              "ti": [
                0,
                0,
                0
              ]
            },
            {
              "i": {
                "x": 0.833,
                "y": 0.833
              },
              "o": {
                "x": 0.333,
                "y": 0
              },
              "n": "0p833_0p833_0p333_0",
              "t": 45,
              "s": [
                159,
                218,
                0
              ],
              "e": [
                149,
                218,
                0
              ],
              "to": [
                0,
                0,
                0
              ],
              "ti": [
                0,
                0,
                0
              ]
            },
            {
              "i": {
                "x": 0.833,
                "y": 0.833
              },
              "o": {
                "x": 0.333,
                "y": 0
              },
              "n": "0p833_0p833_0p333_0",
              "t": 90,
              "s": [
                149,
                218,
                0
              ],
              "e": [
                159,
                218,
                0
              ],
              "to": [
                0,
                0,
                0
              ],
              "ti": [
                0,
                0,
                0
              ]
            },
            {
              "i": {
                "x": 0.833,
                "y": 0.833
              },
              "o": {
                "x": 0.333,
                "y": 0
              },
              "n": "0p833_0p833_0p333_0",
              "t": 135,
              "s": [
                159,
                218,
                0
              ],
              "e": [
                149,
                218,
                0
              ],
              "to": [
                0,
                0,
                0
              ],
              "ti": [
                1.66666662693024,
                0,
                0
              ]
            },
            {
              "t": 180
            }
          ],
          "ix": 2
        },
        "a": {
          "a": 0,
          "k": [
            0,
            0,
            0
          ],
          "ix": 1
        },
        "s": {
          "a": 0,
          "k": [
            100,
            100,
            100
          ],
          "ix": 6
        }
      },
      "ao": 0,
      "shapes": [
        {
          "ty": "gr",
          "it": [
            {
              "ty": "rc",
              "d": 1,
              "s": {
                "a": 0,
                "k": [
                  130,
                  8
                ],
                "ix": 2
              },
              "p": {
                "a": 0,
                "k": [
                  0,
                  0
                ],
                "ix": 3
              },
              "r": {
                "a": 0,
                "k": 9,
                "ix": 4
              },
              "nm": "Rectangle Path 1",
              "mn": "ADBE Vector Shape - Rect",
              "hd": false
            },
            {
              "ty": "fl",
              "c": {
                "a": 0,
                "k": [
                  0.845982015133,
                  0.845982015133,
                  0.845982015133,
                  1
                ],
                "ix": 4
              },
              "o": {
                "a": 0,
                "k": 100,
                "ix": 5
              },
              "r": 1,
              "nm": "Fill 1",
              "mn": "ADBE Vector Graphic - Fill",
              "hd": false
            },
            {
              "ty": "tr",
              "p": {
                "a": 0,
                "k": [
                  0,
                  0
                ],
                "ix": 2
              },
              "a": {
                "a": 0,
                "k": [
                  0,
                  0
                ],
                "ix": 1
              },
              "s": {
                "a": 0,
                "k": [
                  100,
                  100
                ],
                "ix": 3
              },
              "r": {
                "a": 0,
                "k": 0,
                "ix": 6
              },
              "o": {
                "a": 0,
                "k": 100,
                "ix": 7
              },
              "sk": {
                "a": 0,
                "k": 0,
                "ix": 4
              },
              "sa": {
                "a": 0,
                "k": 0,
                "ix": 5
              },
              "nm": "Transform"
            }
          ],
          "nm": "mist",
          "np": 2,
          "cix": 2,
          "ix": 1,
          "mn": "ADBE Vector Group",
          "hd": false
        }
      ],
      "ip": 0,
      "op": 180,
      "st": 0,
      "bm": 0
    },
    {
      "ddd": 0,
      "ind": 4,
      "ty": 4,
      "nm": "mist",
      "sr": 1,
      "ks": {
        "o": {
          "a": 0,
          "k": 100,
          "ix": 11
        },
        "r": {
          "a": 0,
          "k": 0,
          "ix": 10
        },
        "p": {
          "a": 1,
          "k": [
            {
              "i": {
                "x": 0.833,
                "y": 0.833
              },
              "o": {
                "x": 0.333,
                "y": 0
              },
              "n": "0p833_0p833_0p333_0",
              "t": 0,
              "s": [
                106,
                203,
                0
              ],
              "e": [
                116,
                203,
                0
              ],
              "to": [
                1.66666662693024,
                0,
                0
              ],
              "ti": [
                0,
                0,
                0
              ]
            },
            {
              "i": {
                "x": 0.833,
                "y": 0.833
              },
              "o": {
                "x": 0.333,
                "y": 0
              },
              "n": "0p833_0p833_0p333_0",
              "t": 43,
              "s": [
                116,
                203,
                0
              ],
              "e": [
                106,
                203,
                0
              ],
              "to": [
                0,
                0,
                0
              ],
              "ti": [
                0,
                0,
                0
              ]
            },
            {
              "i": {
                "x": 0.833,
                "y": 0.833
              },
              "o": {
                "x": 0.333,
                "y": 0
              },
              "n": "0p833_0p833_0p333_0",
              "t": 88,
              "s": [
                106,
                203,
                0
              ],
              "e": [
                116,
                203,
                0
              ],
              "to": [
                0,
                0,
                0
              ],
              "ti": [
                0,
                0,
                0
              ]
            },
            {
              "i": {
                "x": 0.833,
                "y": 0.833
              },
              "o": {
                "x": 0.333,
                "y": 0
              },
              "n": "0p833_0p833_0p333_0",
              "t": 133,
              "s": [
                116,
                203,
                0
              ],
              "e": [
                106,
                203,
                0
              ],
              "to": [
                0,
                0,
                0
              ],
              "ti": [
                1.66666662693024,
                0,
                0
              ]
            },
            {
              "t": 180
            }
          ],
          "ix": 2
        },
        "a": {
          "a": 0,
          "k": [
            0,
            0,
            0
          ],
          "ix": 1
        },
        "s": {
          "a": 0,
          "k": [
            100,
            100,
            100
          ],
          "ix": 6
        }
      },
      "ao": 0,
      "shapes": [
        {
          "ty": "gr",
          "it": [
            {
              "ty": "rc",
              "d": 1,
              "s": {
                "a": 0,
                "k": [
                  140,
                  8
                ],
                "ix": 2
              },
              "p": {
                "a": 0,
                "k": [
                  0,
                  0
                ],
                "ix": 3
              },
              "r": {
                "a": 0,
                "k": 9,
                "ix": 4
              },
              "nm": "Rectangle Path 1",
              "mn": "ADBE Vector Shape - Rect",
              "hd": false
            },
            {
              "ty": "fl",
              "c": {
                "a": 0,
                "k": [
                  0.845982015133,
                  0.845982015133,
                  0.845982015133,
                  1
                ],
                "ix": 4
              },
              "o": {
                "a": 0,
                "k": 100,
                "ix": 5
              },
              "r": 1,
              "nm": "Fill 1",
              "mn": "ADBE Vector Graphic - Fill",
              "hd": false
            },
            {
              "ty": "tr",
              "p": {
                "a": 0,
                "k": [
                  0,
                  0
                ],
                "ix": 2
              },
              "a": {
                "a": 0,
                "k": [
                  0,
                  0
                ],
                "ix": 1
              },
              "s": {
                "a": 0,
                "k": [
                  100,
                  100
                ],
                "ix": 3
              },
              "r": {
                "a": 0,
                "k": 0,
                "ix": 6
              },
              "o": {
                "a": 0,
                "k": 100,
                "ix": 7
              },
              "sk": {
                "a": 0,
                "k": 0,
                "ix": 4
              },
              "sa": {
                "a": 0,
                "k": 0,
                "ix": 5
              },
              "nm": "Transform"
            }
          ],
          "nm": "mist",
          "np": 2,
          "cix": 2,
          "ix": 1,
          "mn": "ADBE Vector Group",
          "hd": false
        }
      ],
      "ip": 0,
      "op": 180,
      "st": 0,
      "bm": 0
    },
    {
      "ddd": 0,
      "ind": 5,
      "ty": 4,
      "nm": "mist",
      "sr": 1,
      "ks": {
        "o": {
          "a": 0,
          "k": 100,
          "ix": 11
        },
        "r": {
          "a": 0,
          "k": 0,
          "ix": 10
        },
        "p": {
          "a": 1,
          "k": [
            {
              "i": {
                "x": 0.833,
                "y": 0.833
              },
              "o": {
                "x": 0.333,
                "y": 0
              },
              "n": "0p833_0p833_0p333_0",
              "t": 0,
              "s": [
                119,
                188,
                0
              ],
              "e": [
                129,
                188,
                0
              ],
              "to": [
                1.66666662693024,
                0,
                0
              ],
              "ti": [
                0,
                0,
                0
              ]
            },
            {
              "i": {
                "x": 0.833,
                "y": 0.833
              },
              "o": {
                "x": 0.333,
                "y": 0
              },
              "n": "0p833_0p833_0p333_0",
              "t": 47,
              "s": [
                129,
                188,
                0
              ],
              "e": [
                119,
                188,
                0
              ],
              "to": [
                0,
                0,
                0
              ],
              "ti": [
                0,
                0,
                0
              ]
            },
            {
              "i": {
                "x": 0.833,
                "y": 0.833
              },
              "o": {
                "x": 0.333,
                "y": 0
              },
              "n": "0p833_0p833_0p333_0",
              "t": 93,
              "s": [
                119,
                188,
                0
              ],
              "e": [
                129,
                188,
                0
              ],
              "to": [
                0,
                0,
                0
              ],
              "ti": [
                0,
                0,
                0
              ]
            },
            {
              "i": {
                "x": 0.833,
                "y": 0.833
              },
              "o": {
                "x": 0.333,
                "y": 0
              },
              "n": "0p833_0p833_0p333_0",
              "t": 138,
              "s": [
                129,
                188,
                0
              ],
              "e": [
                119,
                188,
                0
              ],
              "to": [
                0,
                0,
                0
              ],
              "ti": [
                1.66666662693024,
                0,
                0
              ]
            },
            {
              "t": 180
            }
          ],
          "ix": 2
        },
        "a": {
          "a": 0,
          "k": [
            0,
            0,
            0
          ],
          "ix": 1
        },
        "s": {
          "a": 0,
          "k": [
            100,
            100,
            100
          ],
          "ix": 6
        }
      },
      "ao": 0,
      "shapes": [
        {
          "ty": "gr",
          "it": [
            {
              "ty": "rc",
              "d": 1,
              "s": {
                "a": 0,
                "k": [
                  130,
                  8
                ],
                "ix": 2
              },
              "p": {
                "a": 0,
                "k": [
                  0,
                  0
                ],
                "ix": 3
              },
              "r": {
                "a": 0,
                "k": 9,
                "ix": 4
              },
              "nm": "Rectangle Path 1",
              "mn": "ADBE Vector Shape - Rect",
              "hd": false
            },
            {
              "ty": "fl",
              "c": {
                "a": 0,
                "k": [
                  0.845982015133,
                  0.845982015133,
                  0.845982015133,
                  1
                ],
                "ix": 4
              },
              "o": {
                "a": 0,
                "k": 100,
                "ix": 5
              },
              "r": 1,
              "nm": "Fill 1",
              "mn": "ADBE Vector Graphic - Fill",
              "hd": false
            },
            {
              "ty": "tr",
              "p": {
                "a": 0,
                "k": [
                  0,
                  0
                ],
                "ix": 2
              },
              "a": {
                "a": 0,
                "k": [
                  0,
                  0
                ],
                "ix": 1
              },
              "s": {
                "a": 0,
                "k": [
                  100,
                  100
                ],
                "ix": 3
              },
              "r": {
                "a": 0,
                "k": 0,
                "ix": 6
              },
              "o": {
                "a": 0,
                "k": 100,
                "ix": 7
              },
              "sk": {
                "a": 0,
                "k": 0,
                "ix": 4
              },
              "sa": {
                "a": 0,
                "k": 0,
                "ix": 5
              },
              "nm": "Transform"
            }
          ],
          "nm": "mist",
          "np": 2,
          "cix": 2,
          "ix": 1,
          "mn": "ADBE Vector Group",
          "hd": false
        }
      ],
      "ip": 0,
      "op": 180,
      "st": 0,
      "bm": 0
    }
  ],
  "markers": []
}